,issue_d,loan duration,annual_inc,avg_cur_bal,bc_open_to_buy,bc_util,delinq_2yrs,dti,emp_length,emp_title,fico_range_high,funded_amnt,grade,home_ownership,inq_last_6mths,int_rate,mo_sin_old_rev_tl_op,mo_sin_rcnt_rev_tl_op,mo_sin_rcnt_tl,mort_acc,mths_since_recent_bc,num_actv_bc_tl,num_bc_tl,num_il_tl,num_rev_accts,open_acc,pub_rec,pub_rec_bankruptcies,purpose,revol_bal,revol_util,sub_grade,target,tax_liens,zip_code,Pct_afro_american,Predictions,Predicted probabilities
0,2013.0,0.0,39600.0,1379.0,21564.0,16.1,0.0,2.49,2 years,other,759.0,4800.0,B,MORTGAGE,2.0,10.99,220.0,25.0,25.0,0.0,25.0,2.0,4.0,1.0,7.0,3.0,0.0,0.0,home_improvement,4136.0,16.1,B2,0.0,0.0,782.0,7.388591761586696,0.0,0.05305109511943152
1,2013.0,0.0,55000.0,9570.0,16473.0,53.9,0.0,22.87,10+ years,other,734.0,27050.0,B,OWN,0.0,10.99,326.0,16.0,6.0,4.0,16.0,2.0,8.0,8.0,15.0,14.0,0.0,0.0,debt_consolidation,36638.0,61.2,B2,0.0,0.0,481.0,9.74545556728532,0.0,0.08450679813136641
2,2013.0,0.0,325000.0,53306.0,13901.0,67.1,0.0,18.55,5 years,sales manager,749.0,28000.0,A,MORTGAGE,1.0,7.62,229.0,5.0,2.0,5.0,5.0,4.0,8.0,11.0,15.0,15.0,0.0,0.0,debt_consolidation,29581.0,54.6,A3,0.0,0.0,945.0,7.542862052159502,0.0,0.037205553159115425
3,2013.0,0.0,130000.0,36362.0,3567.0,93.0,0.0,13.03,10+ years,other,719.0,12000.0,B,MORTGAGE,1.0,11.99,193.0,4.0,4.0,3.0,85.0,3.0,4.0,8.0,8.0,9.0,0.0,0.0,debt_consolidation,10805.0,67.0,B3,0.0,0.0,809.0,6.598131839160629,0.0,0.06137132800257452
4,2013.0,1.0,73000.0,24161.0,4853.0,74.7,1.0,23.13,6 years,other,669.0,27600.0,D,MORTGAGE,1.0,19.97,294.0,4.0,4.0,4.0,4.0,5.0,11.0,4.0,16.0,10.0,0.0,0.0,debt_consolidation,27003.0,82.8,D5,1.0,0.0,802.0,7.058900295806508,1.0,0.3458961609112402
5,2013.0,0.0,40000.0,2268.0,1428.0,79.6,0.0,16.94,10+ years,other,664.0,12000.0,B,RENT,0.0,13.53,182.0,1.0,1.0,0.0,11.0,2.0,14.0,8.0,24.0,7.0,2.0,0.0,debt_consolidation,5572.0,68.8,B5,0.0,0.0,871.0,2.9229458050620702,0.0,0.17612123114938885
6,2013.0,1.0,32760.0,2060.0,2689.0,70.1,0.0,27.06,4 years,other,679.0,11500.0,E,RENT,0.0,22.9,177.0,14.0,1.0,0.0,20.0,5.0,7.0,4.0,13.0,12.0,0.0,0.0,debt_consolidation,9996.0,70.9,E4,0.0,0.0,937.0,6.622258219144118,1.0,0.48033128967039046
7,2013.0,0.0,100000.0,15372.0,4822.0,77.6,0.0,22.18,10+ years,driver,664.0,24000.0,B,MORTGAGE,0.0,13.53,299.0,18.0,7.0,3.0,18.0,3.0,10.0,17.0,19.0,14.0,0.0,0.0,credit_card,21617.0,76.7,B5,0.0,0.0,493.0,1.6738710304527311,0.0,0.17753607960863207
8,2013.0,0.0,81500.0,869.0,6811.0,54.6,0.0,16.73,10+ years,operations manager,689.0,20800.0,B,RENT,2.0,13.53,186.0,0.0,0.0,0.0,0.0,8.0,17.0,1.0,40.0,29.0,0.0,0.0,debt_consolidation,23473.0,54.5,B5,0.0,0.0,100.0,14.736241839065563,0.0,0.20987487388683937
9,2013.0,0.0,25000.0,3906.0,2050.0,52.3,0.0,24.68,10+ years,other,664.0,3000.0,B,RENT,0.0,12.85,271.0,7.0,7.0,6.0,14.0,2.0,6.0,11.0,9.0,5.0,2.0,2.0,debt_consolidation,2875.0,54.2,B4,0.0,0.0,322.0,28.112087955704617,0.0,0.1398438554670476
10,2013.0,1.0,25000.0,1878.0,701.0,76.6,0.0,27.03,5 years,other,704.0,10000.0,C,RENT,0.0,13.98,118.0,13.0,13.0,0.0,17.0,1.0,2.0,14.0,8.0,13.0,0.0,0.0,debt_consolidation,5394.0,46.9,C1,1.0,0.0,128.0,1.9290934991279804,0.0,0.28072588222339134
11,2013.0,0.0,70000.0,5066.0,3489.0,39.8,0.0,19.2,4 years,other,679.0,7200.0,B,OWN,0.0,10.99,421.0,6.0,6.0,1.0,6.0,3.0,25.0,6.0,40.0,14.0,1.0,1.0,debt_consolidation,3479.0,35.5,B2,0.0,0.0,906.0,2.3599911525931914,0.0,0.09683164383991243
12,2013.0,1.0,105680.0,11227.0,507.0,94.7,0.0,18.51,2 years,other,679.0,10400.0,D,RENT,0.0,17.57,302.0,5.0,5.0,2.0,12.0,8.0,17.0,16.0,23.0,17.0,0.0,0.0,credit_card,18179.0,88.2,D2,1.0,0.0,785.0,0.5385431214318688,1.0,0.30193824656659485
13,2013.0,1.0,42494.0,11529.0,130.0,91.3,0.0,22.99,10+ years,other,714.0,17475.0,E,MORTGAGE,2.0,21.48,289.0,14.0,14.0,0.0,14.0,1.0,2.0,8.0,2.0,5.0,0.0,0.0,debt_consolidation,1370.0,91.3,E2,0.0,0.0,759.0,17.4897819512363,1.0,0.3283070832490242
14,2013.0,0.0,84000.0,20179.0,2676.0,86.2,0.0,19.8,10+ years,teacher,709.0,4000.0,C,MORTGAGE,1.0,16.24,238.0,4.0,4.0,4.0,11.0,3.0,7.0,8.0,13.0,11.0,0.0,0.0,other,36862.0,78.6,C5,0.0,0.0,82.0,9.48099192599238,0.0,0.11786791711092834
15,2013.0,1.0,120000.0,25326.0,3735.0,85.0,2.0,12.54,10+ years,other,684.0,30000.0,D,MORTGAGE,0.0,18.25,292.0,29.0,9.0,6.0,29.0,5.0,7.0,14.0,22.0,16.0,0.0,0.0,debt_consolidation,28822.0,60.0,D3,0.0,0.0,840.0,0.9818272288833316,0.0,0.25299253902041896
16,2013.0,1.0,70000.0,16609.0,6605.0,81.6,0.0,26.49,10+ years,other,709.0,31825.0,E,MORTGAGE,1.0,20.5,352.0,11.0,11.0,2.0,11.0,5.0,14.0,12.0,25.0,14.0,0.0,0.0,debt_consolidation,35069.0,73.4,E1,0.0,0.0,750.0,11.488899889419644,1.0,0.3343132951365192
17,2013.0,0.0,50000.0,16836.0,7821.0,45.3,0.0,10.83,5 years,other,709.0,22875.0,C,MORTGAGE,1.0,13.98,117.0,1.0,1.0,1.0,16.0,3.0,6.0,30.0,10.0,10.0,0.0,0.0,home_improvement,15251.0,56.1,C1,0.0,0.0,296.0,16.224311768115612,0.0,0.14044170884370882
18,2013.0,1.0,72000.0,3711.0,6797.0,74.8,0.0,16.42,3 years,other,689.0,20000.0,C,RENT,0.0,16.24,381.0,3.0,3.0,0.0,31.0,5.0,17.0,8.0,24.0,11.0,1.0,1.0,debt_consolidation,20480.0,72.1,C5,0.0,0.0,945.0,7.542862052159502,0.0,0.29271291410334366
19,2013.0,0.0,65000.0,51899.0,508.0,90.8,1.0,5.71,10+ years,other,689.0,8325.0,C,MORTGAGE,0.0,15.61,139.0,8.0,8.0,4.0,8.0,2.0,7.0,4.0,9.0,5.0,0.0,0.0,debt_consolidation,6363.0,90.9,C4,0.0,0.0,917.0,4.0268227925658655,0.0,0.1059476876110121
20,2013.0,0.0,110000.0,33155.0,7435.0,66.4,0.0,13.68,9 years,other,754.0,21000.0,A,MORTGAGE,0.0,7.62,202.0,14.0,14.0,10.0,14.0,4.0,12.0,6.0,20.0,13.0,0.0,0.0,debt_consolidation,16124.0,58.2,A3,0.0,0.0,461.0,3.142043543419266,0.0,0.026345245237679192
21,2013.0,0.0,110000.0,22524.0,1513.0,87.6,0.0,11.24,10+ years,other,674.0,3000.0,D,MORTGAGE,2.0,19.97,188.0,2.0,2.0,4.0,6.0,5.0,5.0,9.0,9.0,10.0,0.0,0.0,other,12349.0,80.2,D5,0.0,0.0,750.0,11.488899889419644,0.0,0.17593021333380243
22,2013.0,1.0,80000.0,4319.0,9647.0,53.6,1.0,10.68,2 years,sales manager,664.0,12000.0,C,RENT,0.0,16.24,127.0,15.0,14.0,0.0,15.0,4.0,8.0,2.0,11.0,7.0,0.0,0.0,debt_consolidation,11153.0,51.6,C5,0.0,0.0,852.0,4.242948125748929,1.0,0.3242969944361139
23,2013.0,1.0,60000.0,3890.0,5317.0,62.8,0.0,13.56,2 years,associate,674.0,10000.0,C,RENT,0.0,14.98,92.0,6.0,6.0,0.0,6.0,3.0,6.0,12.0,8.0,17.0,0.0,0.0,major_purchase,8983.0,59.9,C3,0.0,0.0,79.0,3.0795409820884236,0.0,0.20405932590073805
24,2013.0,0.0,80000.0,1685.0,3083.0,58.9,1.0,16.7,10+ years,other,669.0,20000.0,C,MORTGAGE,1.0,13.98,144.0,4.0,4.0,1.0,31.0,1.0,6.0,5.0,20.0,10.0,1.0,1.0,debt_consolidation,12948.0,45.0,C1,0.0,0.0,928.0,2.9645101030590695,0.0,0.17805101576944332
25,2013.0,0.0,295000.0,46226.0,179.0,96.7,1.0,5.04,8 years,other,664.0,7500.0,A,MORTGAGE,1.0,7.62,358.0,0.0,0.0,7.0,7.0,2.0,19.0,13.0,30.0,11.0,0.0,0.0,credit_card,9105.0,76.5,A3,0.0,0.0,64.0,4.081829437691626,0.0,0.025475999612641777
26,2013.0,1.0,80000.0,43489.0,20580.0,1.5,0.0,2.69,1 year,teacher,804.0,20000.0,B,MORTGAGE,1.0,11.99,172.0,40.0,4.0,6.0,40.0,1.0,9.0,12.0,12.0,8.0,0.0,0.0,debt_consolidation,320.0,1.2,B3,0.0,0.0,294.0,26.37126087561814,0.0,0.06983170135021535
27,2013.0,1.0,72524.0,4728.0,18096.0,64.2,0.0,16.96,10+ years,other,709.0,30000.0,C,OWN,0.0,14.47,347.0,16.0,16.0,0.0,16.0,5.0,11.0,4.0,13.0,8.0,0.0,0.0,credit_card,37820.0,59.7,C2,0.0,0.0,420.0,5.645561622816914,0.0,0.2125061699838152
28,2013.0,0.0,67000.0,36036.0,142.0,98.3,0.0,17.61,10+ years,other,694.0,6000.0,B,MORTGAGE,2.0,10.99,180.0,13.0,6.0,2.0,13.0,2.0,5.0,22.0,8.0,7.0,1.0,1.0,credit_card,9125.0,83.7,B2,0.0,0.0,775.0,12.12035358114234,0.0,0.07936732073003198
29,2013.0,0.0,98000.0,18289.0,4684.0,77.6,0.0,18.21,10+ years,business analyst,714.0,16000.0,A,MORTGAGE,0.0,7.9,204.0,5.0,5.0,3.0,8.0,5.0,18.0,11.0,29.0,16.0,0.0,0.0,debt_consolidation,27595.0,63.6,A4,0.0,0.0,328.0,22.999196077324513,0.0,0.0451568610250872
30,2013.0,0.0,175000.0,10080.0,27360.0,23.1,0.0,8.07,< 1 year,manager,729.0,14825.0,D,RENT,0.0,18.25,180.0,0.0,0.0,3.0,136.0,1.0,3.0,9.0,7.0,7.0,1.0,0.0,small_business,10249.0,22.0,D3,1.0,1.0,303.0,44.026934858116654,0.0,0.1645082155925857
31,2013.0,0.0,38000.0,767.0,11827.0,19.0,0.0,15.51,5 years,customer service,679.0,11200.0,B,OWN,0.0,13.53,275.0,0.0,0.0,0.0,33.0,3.0,5.0,3.0,17.0,12.0,1.0,1.0,house,9203.0,30.7,B5,0.0,0.0,346.0,4.414412790915279,0.0,0.16731402930512476
32,2013.0,1.0,94298.0,3853.0,11330.0,55.7,0.0,15.55,10+ years,other,669.0,10500.0,D,RENT,1.0,17.57,316.0,10.0,10.0,0.0,21.0,7.0,14.0,6.0,27.0,19.0,3.0,0.0,credit_card,18004.0,51.4,D2,0.0,3.0,165.0,9.576766052891813,1.0,0.3449892796819723
33,2013.0,0.0,41600.0,3674.0,17698.0,1.7,0.0,28.25,10+ years,administrative assistant,779.0,14575.0,B,OWN,0.0,13.53,232.0,9.0,9.0,0.0,9.0,1.0,14.0,5.0,28.0,13.0,0.0,0.0,debt_consolidation,7868.0,19.6,B5,0.0,0.0,631.0,33.119848383912334,0.0,0.1249172515061762
34,2013.0,0.0,250000.0,8514.0,640.0,97.3,0.0,5.98,8 years,other,674.0,25000.0,E,RENT,3.0,20.5,294.0,69.0,69.0,1.0,102.0,3.0,5.0,7.0,9.0,6.0,0.0,0.0,other,23060.0,93.4,E1,0.0,0.0,151.0,12.524563206577596,0.0,0.129647548177867
35,2013.0,0.0,79000.0,22713.0,82.0,96.4,0.0,24.05,9 years,general manager,684.0,8000.0,C,MORTGAGE,1.0,13.98,213.0,20.0,20.0,1.0,65.0,1.0,5.0,11.0,12.0,8.0,2.0,0.0,debt_consolidation,11886.0,64.6,C1,0.0,0.0,640.0,6.5736835393414985,0.0,0.15463035949278534
36,2013.0,0.0,90000.0,3114.0,3012.0,81.9,0.0,9.56,7 years,other,664.0,5500.0,E,RENT,4.0,22.9,123.0,3.0,3.0,0.0,3.0,5.0,6.0,33.0,10.0,27.0,0.0,0.0,debt_consolidation,13891.0,73.9,E4,0.0,0.0,751.0,24.29804929448305,1.0,0.33273594035505755
37,2013.0,1.0,79000.0,2578.0,1643.0,89.0,1.0,12.99,10+ years,other,674.0,34475.0,E,RENT,1.0,22.4,183.0,20.0,20.0,0.0,41.0,6.0,6.0,12.0,11.0,11.0,1.0,0.0,debt_consolidation,13740.0,71.4,E3,0.0,0.0,61.0,22.31261153565545,1.0,0.4549451419634416
38,2013.0,1.0,92000.0,24686.0,2133.0,81.3,0.0,21.91,4 years,other,694.0,16000.0,C,MORTGAGE,0.0,14.47,293.0,8.0,8.0,5.0,8.0,4.0,13.0,20.0,18.0,17.0,1.0,1.0,debt_consolidation,9267.0,81.3,C2,0.0,0.0,160.0,1.0078347758707136,0.0,0.19469395117661445
39,2013.0,1.0,93500.0,6407.0,6714.0,74.5,0.0,26.63,3 years,vice president,669.0,35000.0,F,OWN,0.0,23.7,68.0,9.0,8.0,0.0,9.0,5.0,8.0,12.0,10.0,10.0,0.0,0.0,debt_consolidation,19586.0,60.6,F1,0.0,0.0,370.0,12.774184361954626,1.0,0.4810133079970709
40,2013.0,0.0,34000.0,2862.0,2167.0,34.3,0.0,21.14,< 1 year,other,664.0,6000.0,B,RENT,2.0,11.99,88.0,2.0,2.0,0.0,11.0,2.0,6.0,3.0,10.0,8.0,0.0,0.0,debt_consolidation,5401.0,36.5,B3,0.0,0.0,980.0,4.936741758216831,0.0,0.18403479518793728
41,2013.0,0.0,56000.0,2979.0,2539.0,74.1,0.0,21.45,10+ years,other,684.0,9000.0,C,MORTGAGE,2.0,14.98,229.0,4.0,4.0,4.0,5.0,6.0,13.0,10.0,46.0,30.0,1.0,0.0,debt_consolidation,11317.0,30.4,C3,0.0,0.0,482.0,66.93176151255491,0.0,0.19407314300550907
42,2013.0,0.0,33000.0,820.0,2003.0,84.9,0.0,25.89,10+ years,supervisor,669.0,10600.0,C,OWN,2.0,14.47,177.0,13.0,13.0,0.0,13.0,11.0,18.0,2.0,26.0,19.0,1.0,0.0,credit_card,15571.0,61.8,C2,0.0,0.0,820.0,1.619054524361949,0.0,0.2570911815510609
43,2013.0,0.0,86000.0,5545.0,753.0,97.3,0.0,16.65,< 1 year,other,694.0,19125.0,C,RENT,0.0,14.98,169.0,36.0,12.0,0.0,36.0,6.0,7.0,4.0,8.0,9.0,0.0,0.0,credit_card,26947.0,97.3,C3,0.0,0.0,900.0,12.417924197666853,0.0,0.18046560914704912
44,2013.0,0.0,48000.0,7509.0,818.0,85.9,0.0,26.8,1 year,other,669.0,12800.0,D,RENT,4.0,19.22,37.0,6.0,2.0,0.0,6.0,2.0,2.0,4.0,5.0,7.0,0.0,0.0,debt_consolidation,5183.0,73.0,D4,0.0,0.0,631.0,33.119848383912334,1.0,0.37772602750763995
45,2013.0,1.0,67000.0,2918.0,420.0,94.5,0.0,12.59,10+ years,other,674.0,28100.0,E,OWN,0.0,20.5,250.0,13.0,13.0,0.0,13.0,4.0,10.0,4.0,21.0,10.0,0.0,0.0,debt_consolidation,23342.0,93.0,E1,0.0,0.0,270.0,6.394792981548836,1.0,0.3591330103033008
46,2013.0,1.0,81000.0,24723.0,19405.0,66.3,2.0,26.22,7 years,other,674.0,19200.0,C,MORTGAGE,2.0,15.61,239.0,7.0,7.0,4.0,7.0,6.0,10.0,10.0,20.0,14.0,0.0,0.0,credit_card,41604.0,63.6,C4,0.0,0.0,863.0,0.6878589845601312,0.0,0.26826865535290245
47,2013.0,1.0,178000.0,15196.0,611.0,95.2,0.0,12.28,6 years,manager,679.0,26400.0,C,MORTGAGE,0.0,15.61,121.0,20.0,8.0,1.0,31.0,6.0,8.0,19.0,11.0,15.0,0.0,0.0,credit_card,14092.0,92.1,C4,0.0,0.0,871.0,2.9229458050620702,0.0,0.26639183411350703
48,2013.0,1.0,54000.0,13020.0,20922.0,37.9,0.0,30.02,< 1 year,other,679.0,23675.0,D,OWN,1.0,19.97,150.0,2.0,1.0,6.0,2.0,6.0,12.0,7.0,20.0,19.0,0.0,0.0,credit_card,22621.0,37.6,D5,1.0,0.0,762.0,6.204373443411427,1.0,0.41839608469095957
49,2013.0,0.0,74628.0,13062.0,62590.0,13.5,0.0,25.92,10+ years,other,779.0,14000.0,A,MORTGAGE,4.0,8.9,293.0,50.0,4.0,7.0,50.0,2.0,17.0,18.0,27.0,20.0,0.0,0.0,debt_consolidation,10261.0,13.9,A5,0.0,0.0,755.0,22.612274921941637,0.0,0.04492320784346317
50,2013.0,0.0,85000.0,3255.0,736.0,92.5,0.0,16.33,2 years,other,664.0,30000.0,D,RENT,0.0,17.57,76.0,11.0,11.0,0.0,22.0,3.0,7.0,1.0,16.0,13.0,0.0,0.0,credit_card,28326.0,73.6,D2,0.0,0.0,981.0,8.090195223786989,0.0,0.28332763827765906
51,2013.0,1.0,124000.0,10098.0,4660.0,83.4,0.0,8.58,10+ years,administrator,669.0,28000.0,E,RENT,2.0,23.4,194.0,2.0,2.0,0.0,3.0,10.0,25.0,6.0,34.0,19.0,3.0,0.0,debt_consolidation,27597.0,69.9,E5,1.0,3.0,112.0,31.308408857442124,1.0,0.45454812312444137
52,2013.0,0.0,60000.0,14349.0,8510.0,59.1,0.0,17.3,10+ years,manager,704.0,12000.0,B,MORTGAGE,2.0,13.53,178.0,1.0,1.0,2.0,1.0,7.0,19.0,3.0,24.0,14.0,0.0,0.0,debt_consolidation,14765.0,54.1,B5,0.0,0.0,16.0,12.714021526825416,0.0,0.14647847431415167
53,2013.0,1.0,72000.0,5428.0,16742.0,31.7,1.0,17.03,3 years,project manager,684.0,20000.0,C,MORTGAGE,4.0,16.24,120.0,9.0,1.0,0.0,15.0,4.0,6.0,13.0,12.0,14.0,0.0,0.0,credit_card,13772.0,41.6,C5,0.0,0.0,799.0,3.3637015691653347,1.0,0.3368285387884042
54,2013.0,0.0,59400.0,3553.0,430.0,93.4,0.0,33.22,1 year,other,674.0,15850.0,C,RENT,3.0,16.24,224.0,1.0,1.0,10.0,90.0,3.0,6.0,7.0,18.0,17.0,1.0,0.0,debt_consolidation,11161.0,60.7,C5,0.0,0.0,782.0,7.388591761586696,0.0,0.21699060657056676
55,2013.0,0.0,60000.0,14652.0,785.0,79.3,1.0,19.62,10+ years,other,714.0,12000.0,B,MORTGAGE,2.0,12.85,210.0,13.0,2.0,2.0,13.0,2.0,18.0,10.0,26.0,13.0,0.0,0.0,credit_card,4744.0,40.2,B4,0.0,0.0,130.0,2.4959904555836667,0.0,0.1108929675204992
56,2013.0,1.0,105000.0,74119.0,6196.0,53.1,0.0,7.44,6 years,manager,744.0,25000.0,B,MORTGAGE,0.0,12.85,172.0,60.0,7.0,3.0,60.0,2.0,8.0,5.0,12.0,10.0,0.0,0.0,home_improvement,13877.0,61.1,B4,0.0,0.0,201.0,8.916836803032824,0.0,0.11250066368574906
57,2013.0,0.0,80456.0,2647.0,6066.0,50.3,0.0,17.03,9 years,other,669.0,16000.0,D,RENT,2.0,16.99,114.0,0.0,0.0,0.0,7.0,7.0,15.0,9.0,27.0,18.0,0.0,0.0,debt_consolidation,26516.0,63.3,D1,0.0,0.0,212.0,45.98893168725937,0.0,0.2963687725815501
58,2013.0,0.0,81500.0,11076.0,9394.0,59.7,0.0,25.2,9 years,other,739.0,23000.0,A,RENT,0.0,7.9,194.0,14.0,8.0,0.0,14.0,3.0,7.0,8.0,9.0,8.0,1.0,1.0,credit_card,13906.0,51.9,A4,0.0,0.0,336.0,19.32284084628639,0.0,0.08991576416120552
59,2013.0,0.0,115000.0,13431.0,9071.0,50.4,0.0,9.41,6 years,other,679.0,30000.0,C,MORTGAGE,1.0,13.98,194.0,2.0,2.0,1.0,2.0,4.0,10.0,7.0,17.0,12.0,0.0,0.0,credit_card,17756.0,61.0,C1,0.0,0.0,558.0,1.9994008644669832,0.0,0.15306434140860478
60,2013.0,1.0,130000.0,6449.0,1218.0,91.9,0.0,19.31,8 years,other,679.0,24000.0,E,RENT,1.0,20.5,154.0,6.0,6.0,0.0,7.0,8.0,11.0,17.0,26.0,29.0,0.0,0.0,debt_consolidation,35735.0,91.4,E1,0.0,0.0,31.0,4.657993579662867,1.0,0.4666261250530126
61,2013.0,0.0,80000.0,33008.0,3374.0,77.9,0.0,4.74,10+ years,nurse,694.0,20000.0,A,MORTGAGE,0.0,8.9,97.0,9.0,9.0,7.0,9.0,4.0,6.0,5.0,6.0,5.0,1.0,1.0,credit_card,11926.0,77.9,A5,0.0,0.0,233.0,28.63978276022305,0.0,0.055226530783393755
62,2013.0,0.0,28160.5,9046.0,59.0,96.1,0.0,18.07,10+ years,other,704.0,6625.0,C,RENT,0.0,14.98,214.0,3.0,3.0,2.0,3.0,1.0,2.0,3.0,6.0,7.0,0.0,0.0,debt_consolidation,4241.0,81.6,C3,0.0,0.0,274.0,38.851842159879446,0.0,0.1639579538656629
63,2013.0,1.0,122000.0,18166.0,12390.0,98.0,0.0,29.53,3 years,other,684.0,26000.0,E,MORTGAGE,1.0,21.48,147.0,7.0,3.0,1.0,97.0,1.0,6.0,22.0,12.0,9.0,0.0,0.0,debt_consolidation,14987.0,96.0,E2,0.0,0.0,827.0,0.6671342587306507,1.0,0.33025524412175944
64,2013.0,0.0,105000.0,23897.0,8783.0,78.0,0.0,18.31,7 years,other,704.0,12000.0,D,MORTGAGE,1.0,18.25,179.0,3.0,3.0,3.0,3.0,6.0,12.0,12.0,16.0,11.0,0.0,0.0,small_business,52444.0,63.0,D3,0.0,0.0,774.0,16.03421090494845,0.0,0.18450230031860604
65,2013.0,0.0,27600.0,5674.0,10831.0,59.4,0.0,29.78,5 years,other,699.0,6800.0,B,MORTGAGE,0.0,12.85,361.0,12.0,12.0,1.0,12.0,8.0,13.0,3.0,22.0,15.0,0.0,0.0,debt_consolidation,16326.0,52.0,B4,0.0,0.0,890.0,11.281475146695044,0.0,0.12437520943160443
66,2013.0,0.0,65000.0,8149.0,6567.0,41.0,0.0,33.46,10+ years,other,754.0,29175.0,B,RENT,0.0,11.99,115.0,37.0,7.0,6.0,37.0,4.0,5.0,4.0,10.0,8.0,0.0,0.0,debt_consolidation,8137.0,41.0,B3,0.0,0.0,920.0,2.789281234234083,0.0,0.13200362674421784
67,2013.0,1.0,55000.0,2777.0,3708.0,68.8,0.0,19.69,5 years,nurse,664.0,19425.0,G,RENT,1.0,25.89,158.0,1.0,1.0,0.0,1.0,8.0,11.0,12.0,14.0,14.0,0.0,0.0,debt_consolidation,11365.0,57.4,G3,1.0,0.0,185.0,4.377178811325567,1.0,0.6006926333748337
68,2013.0,1.0,55000.0,1933.0,953.0,82.7,0.0,4.51,10+ years,other,664.0,12000.0,C,RENT,0.0,15.61,134.0,7.0,7.0,0.0,18.0,2.0,10.0,3.0,17.0,6.0,0.0,0.0,debt_consolidation,11599.0,73.9,C4,1.0,0.0,953.0,3.4358589512242803,0.0,0.26612158079947407
69,2013.0,0.0,88000.0,11531.0,162.0,91.0,0.0,17.07,5 years,manager,689.0,10000.0,B,RENT,0.0,13.53,148.0,39.0,8.0,0.0,45.0,1.0,2.0,11.0,7.0,5.0,1.0,1.0,moving,9504.0,60.5,B5,0.0,0.0,920.0,2.789281234234083,0.0,0.16027875205466718
70,2013.0,0.0,37000.0,3553.0,2054.0,66.9,0.0,19.43,10+ years,other,679.0,2400.0,D,MORTGAGE,0.0,18.25,121.0,7.0,3.0,0.0,17.0,3.0,9.0,4.0,11.0,7.0,4.0,1.0,credit_card,4453.0,61.8,D3,0.0,3.0,306.0,21.05829920501084,0.0,0.21945062104727692
71,2013.0,0.0,70366.0,13246.0,9827.0,40.8,0.0,15.83,10+ years,other,669.0,10000.0,B,MORTGAGE,1.0,12.85,207.0,10.0,4.0,6.0,13.0,4.0,20.0,6.0,32.0,13.0,1.0,1.0,credit_card,8284.0,33.8,B4,0.0,0.0,857.0,3.654165687988795,0.0,0.10480860111587409
72,2013.0,1.0,97000.0,5809.0,718.0,95.3,0.0,10.34,10+ years,electrician,669.0,16000.0,D,MORTGAGE,0.0,18.25,158.0,4.0,4.0,2.0,6.0,7.0,13.0,10.0,24.0,19.0,0.0,0.0,debt_consolidation,20284.0,70.4,D3,1.0,0.0,467.0,0.6029496127736877,1.0,0.32068586551978906
73,2013.0,1.0,55000.0,11736.0,1981.0,80.4,0.0,20.65,10+ years,account manager,684.0,14125.0,D,MORTGAGE,2.0,19.22,384.0,9.0,4.0,11.0,9.0,6.0,18.0,8.0,25.0,14.0,3.0,0.0,debt_consolidation,9881.0,76.6,D4,0.0,0.0,496.0,0.977193958635638,0.0,0.23204861865249313
74,2013.0,1.0,60000.0,3524.0,1225.0,73.4,0.0,21.36,7 years,other,669.0,12000.0,C,RENT,1.0,15.61,26.0,9.0,9.0,0.0,9.0,3.0,4.0,5.0,4.0,6.0,0.0,0.0,debt_consolidation,3375.0,73.4,C4,1.0,0.0,333.0,30.375293706831755,1.0,0.35979872107220434
75,2013.0,0.0,101000.0,14797.0,7387.0,73.8,0.0,14.03,2 years,project manager,714.0,35000.0,C,MORTGAGE,2.0,15.61,160.0,4.0,4.0,6.0,9.0,6.0,7.0,6.0,14.0,15.0,1.0,1.0,debt_consolidation,28123.0,55.4,C4,0.0,0.0,476.0,1.9408903621549616,0.0,0.1670173259388101
76,2013.0,1.0,36000.0,3166.0,3561.0,66.7,0.0,25.86,8 years,other,684.0,10000.0,E,RENT,2.0,22.4,230.0,5.0,5.0,0.0,5.0,6.0,10.0,13.0,11.0,10.0,0.0,0.0,debt_consolidation,7592.0,67.8,E3,0.0,0.0,212.0,45.98893168725937,1.0,0.47373607559517705
77,2013.0,0.0,65000.0,18124.0,6156.0,68.1,0.0,14.81,6 years,nurse,674.0,24000.0,B,MORTGAGE,0.0,10.99,145.0,13.0,13.0,1.0,13.0,7.0,9.0,8.0,15.0,13.0,0.0,0.0,debt_consolidation,22559.0,59.5,B2,0.0,0.0,328.0,22.999196077324513,0.0,0.11276183851234027
78,2013.0,0.0,45000.0,1117.0,380.0,93.8,0.0,21.81,8 years,customer service,679.0,14125.0,D,RENT,1.0,16.99,206.0,0.0,0.0,0.0,70.0,4.0,8.0,8.0,26.0,21.0,2.0,0.0,debt_consolidation,9694.0,60.2,D1,0.0,2.0,124.0,5.5674690398327344,0.0,0.28879685503233293
79,2013.0,0.0,38000.0,19975.0,19894.0,0.0,0.0,22.27,1 year,other,794.0,5275.0,A,MORTGAGE,0.0,7.62,119.0,27.0,8.0,1.0,27.0,1.0,4.0,3.0,7.0,8.0,0.0,0.0,credit_card,6.0,0.0,A3,0.0,0.0,430.0,6.385902809696621,0.0,0.03732623058900191
80,2013.0,0.0,35000.0,725.0,510.0,74.5,0.0,4.9,3 years,sales,689.0,3200.0,B,MORTGAGE,0.0,13.53,326.0,8.0,8.0,1.0,10.0,1.0,10.0,2.0,31.0,9.0,0.0,0.0,other,3625.0,62.5,B5,0.0,0.0,852.0,4.242948125748929,0.0,0.1086214051315609
81,2013.0,1.0,60000.0,16876.0,1936.0,65.4,0.0,13.7,10+ years,other,704.0,10600.0,C,MORTGAGE,0.0,14.47,114.0,13.0,13.0,1.0,13.0,3.0,5.0,14.0,5.0,10.0,0.0,0.0,credit_card,3664.0,65.4,C2,1.0,0.0,853.0,5.43150081771292,0.0,0.19389925467675317
82,2013.0,1.0,105000.0,11097.0,4582.0,75.2,1.0,20.35,8 years,sales manager,674.0,16000.0,D,MORTGAGE,2.0,19.22,193.0,1.0,1.0,4.0,1.0,9.0,26.0,3.0,30.0,17.0,1.0,0.0,debt_consolidation,16395.0,72.5,D4,1.0,0.0,277.0,35.873008517075526,1.0,0.37875506391663566
83,2013.0,0.0,425000.0,109437.0,870.0,96.7,0.0,4.99,4 years,director,664.0,35000.0,C,MORTGAGE,0.0,15.61,416.0,3.0,3.0,7.0,3.0,5.0,9.0,6.0,17.0,11.0,0.0,0.0,debt_consolidation,40847.0,95.4,C4,0.0,0.0,911.0,7.235311312481731,0.0,0.07508323761972337
84,2013.0,0.0,60000.0,14038.0,33226.0,37.5,0.0,18.46,8 years,other,729.0,21000.0,A,MORTGAGE,0.0,8.9,112.0,10.0,9.0,1.0,10.0,5.0,16.0,6.0,21.0,15.0,1.0,1.0,debt_consolidation,20488.0,34.8,A5,0.0,0.0,60.0,9.047111274805374,0.0,0.0770019650537969
85,2013.0,1.0,80000.0,23316.0,2317.0,85.5,0.0,10.83,10+ years,other,694.0,16000.0,E,MORTGAGE,2.0,22.9,142.0,6.0,6.0,3.0,6.0,5.0,12.0,2.0,17.0,7.0,0.0,0.0,debt_consolidation,13683.0,85.5,E4,0.0,0.0,433.0,2.3789832427661923,1.0,0.31121921417665094
86,2013.0,1.0,48663.5,6932.0,729.0,75.7,0.0,28.53,10+ years,teacher,699.0,21250.0,D,MORTGAGE,0.0,19.22,133.0,1.0,1.0,1.0,7.0,2.0,10.0,9.0,25.0,19.0,0.0,0.0,debt_consolidation,20097.0,55.4,D4,0.0,0.0,365.0,14.197097763672147,1.0,0.37876281053407435
87,2013.0,1.0,93000.0,68488.0,41898.0,53.9,0.0,24.32,6 years,account manager,729.0,35000.0,C,MORTGAGE,0.0,14.98,230.0,1.0,1.0,1.0,1.0,5.0,10.0,3.0,15.0,12.0,0.0,0.0,credit_card,50574.0,50.1,C3,0.0,0.0,931.0,1.8765864243019732,0.0,0.18010148474392168
88,2013.0,0.0,120000.0,6004.0,6251.0,61.4,3.0,10.58,9 years,project manager,664.0,20000.0,B,RENT,1.0,12.85,174.0,21.0,16.0,5.0,21.0,3.0,13.0,14.0,18.0,9.0,1.0,1.0,debt_consolidation,9949.0,61.4,B4,0.0,0.0,956.0,3.8353421510010297,0.0,0.12642668414734654
89,2013.0,0.0,106000.0,18831.0,2973.0,90.3,1.0,25.43,10+ years,other,684.0,29000.0,C,MORTGAGE,2.0,15.61,474.0,0.0,0.0,6.0,17.0,6.0,16.0,7.0,24.0,14.0,0.0,0.0,debt_consolidation,29450.0,87.1,C4,0.0,0.0,187.0,6.371972186138916,0.0,0.16963599241629515
90,2013.0,1.0,63000.0,5173.0,889.0,76.6,1.0,19.47,7 years,technician,664.0,17625.0,D,MORTGAGE,2.0,19.97,268.0,7.0,7.0,4.0,7.0,3.0,24.0,6.0,50.0,18.0,0.0,0.0,debt_consolidation,10876.0,52.5,D5,0.0,0.0,760.0,11.974410325218054,1.0,0.3573696110713136
91,2013.0,0.0,98000.0,11489.0,911.0,78.3,0.0,16.26,10+ years,chief executive officer,664.0,12200.0,C,RENT,0.0,13.98,177.0,21.0,8.0,1.0,21.0,2.0,7.0,16.0,12.0,6.0,1.0,1.0,debt_consolidation,3289.0,78.3,C1,0.0,0.0,820.0,1.619054524361949,0.0,0.22240466517001223
92,2013.0,0.0,87000.0,23851.0,18547.0,53.6,0.0,12.83,1 year,other,699.0,20000.0,A,MORTGAGE,0.0,8.9,284.0,5.0,5.0,3.0,5.0,5.0,10.0,35.0,13.0,22.0,0.0,0.0,home_improvement,20308.0,48.7,A5,1.0,0.0,917.0,4.0268227925658655,0.0,0.06872328900845676
93,2013.0,0.0,140000.0,6188.0,78997.0,54.9,0.0,16.95,7 years,other,714.0,35000.0,C,RENT,1.0,16.24,231.0,8.0,8.0,0.0,8.0,4.0,9.0,6.0,12.0,10.0,0.0,0.0,debt_consolidation,29303.0,52.1,C5,0.0,0.0,900.0,12.417924197666853,0.0,0.17401772389556833
94,2013.0,0.0,135000.0,3187.0,21501.0,35.2,0.0,8.97,5 years,other,684.0,24000.0,C,RENT,2.0,15.61,181.0,1.0,1.0,0.0,1.0,5.0,16.0,5.0,20.0,14.0,0.0,0.0,major_purchase,15614.0,40.8,C4,0.0,0.0,890.0,11.281475146695044,0.0,0.23706416043162457
95,2013.0,0.0,90064.0,36616.0,295.0,90.2,3.0,13.06,10+ years,other,679.0,10000.0,B,MORTGAGE,1.0,12.85,197.0,5.0,5.0,11.0,78.0,1.0,7.0,7.0,20.0,13.0,0.0,0.0,debt_consolidation,13080.0,51.7,B4,0.0,0.0,828.0,0.3697196947845924,0.0,0.066569113871383
96,2013.0,1.0,75500.0,2756.0,1377.0,70.1,1.0,21.35,10+ years,other,694.0,16000.0,C,RENT,1.0,14.98,218.0,9.0,9.0,0.0,9.0,4.0,9.0,12.0,16.0,11.0,0.0,0.0,debt_consolidation,6430.0,49.5,C3,0.0,0.0,199.0,17.750604870840156,1.0,0.3191391271984875
97,2013.0,1.0,70000.0,14020.0,5254.0,59.0,0.0,18.24,3 years,other,709.0,20000.0,C,MORTGAGE,0.0,16.24,53.0,13.0,11.0,1.0,13.0,1.0,2.0,17.0,5.0,15.0,0.0,0.0,major_purchase,10178.0,39.8,C5,0.0,0.0,276.0,25.869322237750843,0.0,0.2866258138418805
98,2013.0,1.0,94507.0,19265.0,11550.0,68.7,0.0,14.63,10+ years,other,694.0,35000.0,C,OWN,1.0,14.98,313.0,0.0,0.0,2.0,30.0,3.0,13.0,3.0,24.0,11.0,0.0,0.0,debt_consolidation,34823.0,68.5,C3,0.0,0.0,802.0,7.058900295806508,0.0,0.2414686027969327
99,2013.0,0.0,29000.0,6481.0,1073.0,85.9,0.0,30.09,1 year,engineer,674.0,2200.0,D,RENT,3.0,16.99,64.0,13.0,5.0,0.0,13.0,5.0,7.0,36.0,8.0,11.0,1.0,0.0,credit_card,9847.0,88.7,D1,0.0,1.0,333.0,30.375293706831755,0.0,0.2591859411201052
100,2013.0,0.0,86305.0,38300.0,7402.0,59.6,0.0,28.45,10+ years,other,734.0,6250.0,B,RENT,0.0,13.53,163.0,0.0,0.0,2.0,0.0,3.0,7.0,11.0,13.0,13.0,2.0,1.0,credit_card,12049.0,42.3,B5,0.0,1.0,117.0,6.669587961854511,0.0,0.14197798294186903
101,2013.0,0.0,46000.0,2290.0,0.0,100.0,2.0,30.56,10+ years,teacher,669.0,7000.0,C,RENT,2.0,13.98,261.0,1.0,1.0,0.0,3.0,2.0,12.0,5.0,20.0,8.0,0.0,0.0,credit_card,11121.0,55.6,C1,0.0,0.0,337.0,11.9527327735514,0.0,0.22098076863242164
102,2013.0,0.0,98000.0,3087.0,4797.0,53.4,0.0,14.82,10+ years,mechanic,664.0,10000.0,C,MORTGAGE,2.0,13.98,141.0,7.0,7.0,1.0,10.0,7.0,21.0,13.0,35.0,13.0,1.0,1.0,debt_consolidation,7949.0,56.8,C1,0.0,0.0,29.0,10.545899887953722,0.0,0.17738958291439513
103,2013.0,1.0,145000.0,45604.0,574.0,42.6,0.0,8.86,3 years,sales manager,689.0,12000.0,C,MORTGAGE,1.0,15.61,17.0,1.0,1.0,4.0,17.0,1.0,1.0,28.0,5.0,7.0,0.0,0.0,debt_consolidation,3545.0,56.3,C4,0.0,0.0,296.0,16.224311768115612,0.0,0.2181705129058498
104,2013.0,0.0,117000.0,7429.0,1498.0,75.0,0.0,15.12,10+ years,project manager,679.0,8000.0,D,RENT,1.0,17.57,121.0,2.0,2.0,0.0,5.0,2.0,10.0,11.0,17.0,9.0,0.0,0.0,debt_consolidation,46570.0,93.1,D2,0.0,0.0,900.0,12.417924197666853,0.0,0.19591960955417898
105,2013.0,0.0,84087.0,15597.0,3533.0,85.2,0.0,15.54,5 years,teacher,679.0,25000.0,B,MORTGAGE,1.0,13.53,146.0,29.0,29.0,0.0,29.0,6.0,6.0,54.0,9.0,11.0,0.0,0.0,credit_card,26653.0,83.3,B5,1.0,0.0,550.0,2.7352456426503617,0.0,0.11000562077017456
106,2013.0,1.0,58000.0,23741.0,1369.0,76.8,0.0,7.78,5 years,truck driver,674.0,14000.0,C,MORTGAGE,2.0,16.24,89.0,4.0,4.0,2.0,29.0,4.0,8.0,1.0,15.0,11.0,1.0,1.0,debt_consolidation,5778.0,55.6,C5,1.0,0.0,190.0,15.082893691853869,1.0,0.3696211745088203
107,2013.0,0.0,70000.0,1918.0,668.0,92.0,1.0,27.64,10+ years,other,679.0,15000.0,D,RENT,0.0,16.99,228.0,19.0,19.0,1.0,19.0,5.0,10.0,5.0,16.0,10.0,0.0,0.0,debt_consolidation,8021.0,89.1,D1,0.0,0.0,30.0,1.422335311550094,0.0,0.2397139255684214
108,2013.0,1.0,106000.0,28058.0,1671.0,87.9,3.0,33.72,10+ years,administrator,679.0,14400.0,C,MORTGAGE,2.0,16.24,245.0,5.0,5.0,2.0,5.0,3.0,12.0,19.0,15.0,14.0,0.0,0.0,debt_consolidation,12253.0,81.7,C5,0.0,0.0,780.0,1.0025396339332373,1.0,0.3016163396954515
109,2013.0,0.0,43000.0,4406.0,3000.0,0.0,0.0,33.58,4 years,other,694.0,15000.0,C,RENT,4.0,13.98,47.0,13.0,1.0,0.0,23.0,0.0,1.0,5.0,10.0,9.0,0.0,0.0,debt_consolidation,5287.0,37.5,C1,0.0,0.0,86.0,27.160410906255013,0.0,0.286233531581263
110,2013.0,1.0,60000.0,18668.0,863.0,89.6,0.0,17.26,7 years,other,674.0,15000.0,D,MORTGAGE,1.0,19.22,138.0,5.0,5.0,3.0,5.0,5.0,5.0,8.0,11.0,11.0,0.0,0.0,debt_consolidation,7437.0,43.7,D4,1.0,0.0,354.0,36.39429030422705,1.0,0.3319807166310161
111,2013.0,0.0,80970.0,3748.0,1906.0,81.1,0.0,17.43,10+ years,executive assistant,699.0,18000.0,C,RENT,1.0,15.61,243.0,4.0,3.0,0.0,4.0,5.0,9.0,10.0,22.0,20.0,0.0,0.0,debt_consolidation,24150.0,78.9,C4,0.0,0.0,913.0,3.971440416159529,0.0,0.2156437842669391
112,2013.0,0.0,100000.0,24873.0,3912.0,87.7,0.0,19.26,6 years,other,694.0,35000.0,C,MORTGAGE,0.0,16.24,221.0,8.0,8.0,3.0,8.0,6.0,8.0,6.0,12.0,10.0,0.0,0.0,debt_consolidation,29617.0,87.4,C5,1.0,0.0,750.0,11.488899889419644,0.0,0.17872055407846085
113,2013.0,0.0,70000.0,22234.0,681.0,77.3,4.0,20.61,6 years,other,689.0,12000.0,B,MORTGAGE,0.0,13.53,97.0,37.0,8.0,3.0,47.0,3.0,4.0,11.0,6.0,10.0,1.0,0.0,home_improvement,4081.0,41.6,B5,0.0,1.0,300.0,33.058289940565054,0.0,0.14091069699170444
114,2013.0,0.0,40000.0,28449.0,328.0,90.6,2.0,17.46,10+ years,customer service representative,674.0,15875.0,C,MORTGAGE,0.0,16.24,133.0,9.0,9.0,3.0,9.0,2.0,7.0,6.0,14.0,7.0,0.0,0.0,debt_consolidation,17572.0,94.5,C5,0.0,0.0,65.0,25.174633564328275,0.0,0.1835908948244647
115,2013.0,0.0,49000.0,2650.0,220.0,96.9,0.0,21.16,5 years,other,664.0,3000.0,C,RENT,2.0,15.61,126.0,1.0,1.0,0.0,18.0,3.0,8.0,5.0,11.0,9.0,2.0,0.0,debt_consolidation,8989.0,68.1,C4,1.0,2.0,432.0,28.60644049316647,0.0,0.24498876747387205
116,2013.0,1.0,178000.0,18606.0,4176.0,94.7,0.0,27.45,10+ years,other,669.0,21000.0,D,MORTGAGE,2.0,18.25,393.0,11.0,3.0,4.0,71.0,6.0,18.0,12.0,32.0,23.0,0.0,0.0,credit_card,94586.0,79.2,D3,0.0,0.0,310.0,35.969120909518914,0.0,0.23498161087498734
117,2013.0,0.0,180000.0,6470.0,5135.0,86.0,0.0,9.01,< 1 year,software engineer,674.0,35000.0,G,RENT,1.0,25.8,174.0,0.0,0.0,0.0,0.0,4.0,12.0,7.0,15.0,7.0,0.0,0.0,small_business,31465.0,86.0,G1,0.0,0.0,944.0,2.2739807390437403,1.0,0.3058130141533279
118,2013.0,0.0,64000.0,12969.0,3150.0,56.8,0.0,28.99,10+ years,other,679.0,5500.0,C,MORTGAGE,1.0,14.98,323.0,1.0,1.0,3.0,1.0,5.0,9.0,5.0,26.0,13.0,0.0,0.0,debt_consolidation,10909.0,67.8,C3,0.0,0.0,323.0,31.621235607481065,0.0,0.1759649635352188
119,2013.0,0.0,50000.0,22738.0,3022.0,88.2,0.0,19.88,8 years,teacher,699.0,5000.0,D,RENT,1.0,16.99,185.0,5.0,5.0,8.0,50.0,5.0,8.0,4.0,16.0,13.0,0.0,0.0,debt_consolidation,26677.0,83.6,D1,0.0,0.0,932.0,2.7822555373102524,0.0,0.143427019764628
120,2013.0,0.0,72000.0,19393.0,734.0,61.4,0.0,24.33,10+ years,operator,664.0,6000.0,B,MORTGAGE,0.0,11.99,41.0,2.0,2.0,1.0,19.0,2.0,3.0,13.0,7.0,9.0,2.0,1.0,credit_card,4171.0,27.6,B3,0.0,0.0,641.0,25.46400555173798,0.0,0.1751371712135228
121,2013.0,0.0,85000.0,19626.0,0.0,100.0,2.0,24.33,4 years,general manager,669.0,20000.0,D,MORTGAGE,4.0,19.22,139.0,15.0,15.0,3.0,15.0,3.0,14.0,13.0,23.0,10.0,0.0,0.0,debt_consolidation,30553.0,87.3,D4,0.0,0.0,62.0,2.229971104256331,0.0,0.29465831079021243
122,2013.0,0.0,54000.0,12025.0,4341.0,80.9,0.0,19.16,1 year,other,674.0,16000.0,B,MORTGAGE,1.0,12.85,117.0,17.0,6.0,1.0,17.0,6.0,11.0,1.0,24.0,18.0,0.0,0.0,debt_consolidation,19245.0,56.8,B4,0.0,0.0,794.0,7.604417656493998,0.0,0.15283898478250627
123,2013.0,0.0,128000.0,31292.0,9739.0,67.3,0.0,23.61,5 years,other,724.0,10000.0,B,MORTGAGE,0.0,11.99,153.0,2.0,2.0,5.0,2.0,6.0,14.0,16.0,19.0,16.0,0.0,0.0,major_purchase,20061.0,50.5,B3,0.0,0.0,317.0,41.86159411444867,0.0,0.08465217599989713
124,2013.0,1.0,45000.0,1500.0,3432.0,56.6,0.0,15.39,2 years,other,664.0,15000.0,D,MORTGAGE,1.0,19.97,148.0,1.0,1.0,3.0,61.0,3.0,32.0,5.0,41.0,9.0,0.0,0.0,other,6694.0,52.7,D5,0.0,0.0,483.0,8.915336268545255,0.0,0.27612170062467206
125,2013.0,1.0,195000.0,24979.0,15499.0,48.8,1.0,10.93,2 years,other,689.0,20000.0,C,MORTGAGE,1.0,15.61,189.0,2.0,2.0,6.0,2.0,5.0,12.0,18.0,22.0,18.0,0.0,0.0,credit_card,20745.0,43.0,C4,1.0,0.0,335.0,11.781257546292675,0.0,0.2050399400741763
126,2013.0,0.0,115000.0,31054.0,3141.0,79.7,2.0,13.61,9 years,other,679.0,8000.0,C,MORTGAGE,0.0,14.98,208.0,19.0,7.0,2.0,19.0,2.0,8.0,6.0,11.0,11.0,0.0,0.0,debt_consolidation,12359.0,79.2,C3,0.0,0.0,70.0,14.299500766990915,0.0,0.1320041472826689
127,2013.0,1.0,70000.0,2247.0,44069.0,27.2,3.0,25.2,2 years,other,679.0,25000.0,D,MORTGAGE,1.0,18.25,178.0,2.0,2.0,0.0,2.0,8.0,18.0,19.0,25.0,18.0,0.0,0.0,credit_card,24269.0,30.6,D3,1.0,0.0,760.0,11.974410325218054,1.0,0.39713297062218705
128,2013.0,0.0,70000.0,1382.0,3109.0,59.6,0.0,12.27,10+ years,other,679.0,9000.0,C,MORTGAGE,4.0,15.61,121.0,13.0,8.0,3.0,13.0,7.0,10.0,4.0,16.0,16.0,0.0,0.0,debt_consolidation,5440.0,45.7,C4,0.0,0.0,923.0,8.484155754959401,0.0,0.20062861422208067
129,2013.0,1.0,50000.0,1657.0,192.0,97.1,0.0,6.48,7 years,other,694.0,10225.0,E,RENT,0.0,21.48,82.0,15.0,15.0,0.0,15.0,3.0,5.0,2.0,9.0,6.0,0.0,0.0,debt_consolidation,9940.0,84.2,E2,0.0,0.0,63.0,6.03332658293627,1.0,0.3181765286241279
130,2013.0,0.0,160000.0,30507.0,8197.0,69.5,0.0,16.97,10+ years,other,719.0,24000.0,A,MORTGAGE,0.0,7.62,350.0,25.0,12.0,9.0,25.0,3.0,4.0,11.0,10.0,9.0,0.0,0.0,credit_card,18703.0,69.5,A3,0.0,0.0,856.0,2.731209768271627,0.0,0.0283383382639882
131,2013.0,0.0,65000.0,12516.0,1280.0,65.4,0.0,28.36,6 years,other,684.0,2700.0,D,MORTGAGE,2.0,19.22,60.0,19.0,1.0,1.0,31.0,3.0,3.0,12.0,9.0,14.0,1.0,0.0,debt_consolidation,8755.0,39.4,D4,0.0,1.0,314.0,42.12866190372196,0.0,0.2652429557560039
132,2013.0,0.0,175000.0,53118.0,9223.0,61.2,2.0,9.98,7 years,other,669.0,24000.0,A,MORTGAGE,1.0,7.9,209.0,14.0,14.0,3.0,84.0,3.0,13.0,7.0,23.0,12.0,0.0,0.0,credit_card,34817.0,45.0,A4,0.0,0.0,109.0,11.010473346445954,0.0,0.04292654885708428
133,2013.0,1.0,58000.0,24933.0,5485.0,62.4,0.0,8.98,3 years,truck driver,674.0,15000.0,D,MORTGAGE,1.0,17.57,209.0,1.0,1.0,3.0,1.0,6.0,14.0,0.0,15.0,9.0,0.0,0.0,debt_consolidation,12387.0,69.2,D2,1.0,0.0,117.0,6.669587961854511,1.0,0.3762291515376962
134,2013.0,0.0,150000.0,83823.0,26.0,98.6,0.0,5.96,7 years,other,669.0,16450.0,C,MORTGAGE,0.0,16.24,58.0,16.0,8.0,2.0,16.0,2.0,2.0,12.0,4.0,7.0,1.0,0.0,debt_consolidation,4848.0,80.8,C5,0.0,1.0,945.0,7.542862052159502,0.0,0.12278037902245012
135,2013.0,0.0,35000.0,9067.0,1853.0,63.7,1.0,13.82,8 years,other,699.0,7000.0,C,MORTGAGE,0.0,13.98,141.0,15.0,3.0,2.0,21.0,4.0,11.0,4.0,18.0,15.0,0.0,0.0,debt_consolidation,10041.0,69.4,C1,0.0,0.0,331.0,16.95099138442644,0.0,0.1316613342055722
136,2013.0,1.0,55000.0,1925.0,4350.0,72.8,0.0,28.01,9 years,other,674.0,20000.0,C,OWN,1.0,16.24,353.0,16.0,16.0,0.0,19.0,10.0,16.0,9.0,19.0,18.0,1.0,0.0,credit_card,17529.0,72.7,C5,0.0,0.0,63.0,6.03332658293627,1.0,0.362944376029068
137,2013.0,0.0,37500.0,25341.0,25.0,99.7,0.0,13.12,10+ years,nurse,699.0,2500.0,F,MORTGAGE,1.0,23.7,138.0,4.0,4.0,4.0,8.0,4.0,8.0,1.0,10.0,6.0,0.0,0.0,other,12681.0,88.7,F1,0.0,0.0,117.0,6.669587961854511,0.0,0.1914945107430376
138,2013.0,1.0,45650.0,1981.0,4270.0,72.8,1.0,25.74,10+ years,other,679.0,17475.0,D,OWN,1.0,19.22,241.0,15.0,7.0,1.0,15.0,8.0,14.0,9.0,19.0,16.0,1.0,0.0,debt_consolidation,12692.0,44.2,D4,0.0,1.0,261.0,1.0482539484751254,1.0,0.4238388647558215
139,2013.0,0.0,85000.0,7866.0,1181.0,40.9,1.0,20.16,9 years,other,724.0,30750.0,C,RENT,1.0,15.61,214.0,3.0,3.0,0.0,74.0,1.0,8.0,11.0,18.0,8.0,0.0,0.0,debt_consolidation,819.0,14.9,C4,0.0,0.0,951.0,2.8902969010965847,0.0,0.22383742179256808
140,2013.0,0.0,75000.0,4444.0,3791.0,56.9,0.0,16.14,10+ years,other,694.0,20000.0,C,MORTGAGE,5.0,14.47,103.0,7.0,6.0,3.0,7.0,4.0,8.0,14.0,15.0,10.0,0.0,0.0,debt_consolidation,10841.0,28.6,C2,1.0,0.0,700.0,30.392437746673544,0.0,0.1906006923967177
141,2013.0,1.0,55000.0,23331.0,522.0,98.1,1.0,23.65,2 years,other,704.0,19075.0,E,MORTGAGE,1.0,21.48,309.0,12.0,12.0,4.0,24.0,6.0,8.0,9.0,12.0,11.0,0.0,0.0,credit_card,28855.0,92.2,E2,0.0,0.0,228.0,4.0570415318541375,0.0,0.28750240130696697
142,2013.0,1.0,120000.0,30587.0,624.0,95.5,2.0,6.67,10+ years,other,664.0,35000.0,F,MORTGAGE,1.0,24.08,194.0,15.0,15.0,5.0,16.0,3.0,6.0,4.0,17.0,11.0,1.0,1.0,debt_consolidation,17751.0,66.2,F2,1.0,0.0,959.0,1.8239251598402355,1.0,0.3793123693181082
143,2013.0,0.0,103000.0,27382.0,80.0,98.3,0.0,8.07,10+ years,office manager,674.0,1200.0,C,OWN,1.0,13.98,146.0,23.0,4.0,4.0,23.0,3.0,8.0,19.0,16.0,9.0,0.0,0.0,home_improvement,5140.0,75.6,C1,0.0,0.0,206.0,32.402810536212044,0.0,0.10225051845089334
144,2013.0,0.0,64000.0,6153.0,178.0,95.8,0.0,7.78,10+ years,mechanic,689.0,6000.0,B,MORTGAGE,0.0,11.99,160.0,7.0,7.0,2.0,7.0,3.0,6.0,6.0,7.0,7.0,1.0,1.0,home_improvement,4372.0,95.0,B3,0.0,0.0,672.0,10.106276414077332,0.0,0.0946923679799568
145,2013.0,0.0,160000.0,67352.0,5131.0,41.7,0.0,6.22,4 years,general manager,664.0,10500.0,B,MORTGAGE,3.0,11.99,123.0,17.0,7.0,7.0,17.0,3.0,14.0,19.0,26.0,7.0,1.0,1.0,debt_consolidation,5285.0,46.8,B3,0.0,0.0,297.0,20.5628165664082,0.0,0.0897257745780348
146,2013.0,0.0,96000.0,40667.0,31.0,99.3,1.0,12.29,1 year,analyst,704.0,32000.0,B,MORTGAGE,0.0,10.99,192.0,31.0,11.0,14.0,129.0,1.0,7.0,12.0,13.0,9.0,0.0,0.0,home_improvement,6521.0,77.6,B2,0.0,0.0,850.0,6.931577935166768,0.0,0.03677839417539011
147,2013.0,0.0,90000.0,13567.0,2972.0,90.7,1.0,24.29,10+ years,other,684.0,25000.0,C,MORTGAGE,2.0,14.47,181.0,6.0,3.0,2.0,6.0,3.0,12.0,7.0,25.0,18.0,0.0,0.0,debt_consolidation,29882.0,72.2,C2,0.0,0.0,50.0,0.5129147592475023,0.0,0.19431820175421152
148,2013.0,1.0,101247.9,20689.0,12524.0,67.8,0.0,33.12,10+ years,other,684.0,25000.0,D,MORTGAGE,2.0,19.97,157.0,2.0,2.0,6.0,2.0,4.0,8.0,15.0,23.0,19.0,0.0,0.0,debt_consolidation,42270.0,66.4,D5,0.0,0.0,295.0,28.548825654473355,1.0,0.36858799903846884
149,2013.0,0.0,106000.0,24393.0,887.0,95.5,1.0,10.3,8 years,engineer,684.0,20000.0,C,MORTGAGE,0.0,14.98,163.0,5.0,5.0,1.0,5.0,2.0,7.0,13.0,10.0,9.0,0.0,0.0,home_improvement,18913.0,70.6,C3,0.0,0.0,787.0,7.305478705867175,0.0,0.13494075251928822
150,2013.0,0.0,47000.0,8157.0,2775.0,27.0,0.0,26.51,2 years,general manager,684.0,8000.0,C,MORTGAGE,1.0,14.47,102.0,2.0,2.0,1.0,11.0,3.0,6.0,5.0,22.0,16.0,0.0,0.0,home_improvement,6915.0,31.5,C2,0.0,0.0,300.0,33.058289940565054,0.0,0.2678914665795954
151,2013.0,1.0,104500.0,3265.0,2950.0,76.2,1.0,13.55,1 year,other,664.0,17000.0,E,RENT,2.0,21.48,110.0,0.0,0.0,0.0,0.0,5.0,10.0,11.0,18.0,13.0,0.0,0.0,debt_consolidation,12220.0,65.0,E2,0.0,0.0,77.0,7.270931969516672,1.0,0.4752526677761184
152,2013.0,1.0,65000.0,29942.0,78.0,97.6,0.0,14.07,7 years,sales,669.0,10000.0,C,MORTGAGE,0.0,16.24,211.0,10.0,6.0,2.0,70.0,3.0,6.0,5.0,11.0,10.0,0.0,0.0,debt_consolidation,9616.0,61.6,C5,0.0,0.0,370.0,12.774184361954626,0.0,0.24925138424280513
153,2013.0,0.0,76000.0,13669.0,6500.0,90.0,0.0,13.52,10+ years,other,704.0,10000.0,C,MORTGAGE,0.0,14.47,31.0,24.0,2.0,1.0,31.0,1.0,1.0,4.0,2.0,5.0,0.0,0.0,debt_consolidation,5872.0,84.0,C2,0.0,0.0,291.0,42.66208703851932,0.0,0.1286115810439059
154,2013.0,0.0,112000.0,8417.0,8551.0,64.1,0.0,12.91,4 years,manager,669.0,15000.0,B,RENT,3.0,12.85,62.0,18.0,4.0,0.0,18.0,3.0,4.0,2.0,9.0,8.0,0.0,0.0,credit_card,17177.0,62.5,B4,0.0,0.0,21.0,16.234313454767094,0.0,0.18199816452141493
155,2013.0,0.0,54000.0,17052.0,0.0,100.0,0.0,24.5,10+ years,vice president,739.0,3750.0,B,MORTGAGE,0.0,13.53,284.0,17.0,17.0,3.0,76.0,2.0,7.0,5.0,20.0,12.0,0.0,0.0,debt_consolidation,21763.0,74.8,B5,0.0,0.0,481.0,9.74545556728532,0.0,0.0579599559089267
156,2013.0,1.0,142000.0,37278.0,4295.0,83.5,0.0,8.6,10+ years,other,684.0,28000.0,D,MORTGAGE,0.0,17.57,284.0,9.0,4.0,6.0,9.0,3.0,6.0,15.0,20.0,15.0,0.0,0.0,debt_consolidation,41688.0,78.7,D2,0.0,0.0,68.0,5.427408131052607,0.0,0.21056843118451704
157,2013.0,1.0,40000.0,13718.0,108.0,98.2,0.0,29.61,9 years,other,689.0,16000.0,C,MORTGAGE,0.0,14.47,79.0,9.0,9.0,1.0,47.0,1.0,5.0,4.0,12.0,9.0,0.0,0.0,credit_card,16312.0,88.2,C2,1.0,0.0,993.0,1.7757009345794392,0.0,0.24618567985345938
158,2013.0,1.0,55000.0,8866.0,1987.0,90.1,0.0,32.82,6 years,other,684.0,24000.0,C,MORTGAGE,0.0,16.24,140.0,25.0,9.0,2.0,25.0,5.0,6.0,6.0,8.0,11.0,1.0,0.0,credit_card,19200.0,83.1,C5,0.0,1.0,298.0,30.43147531757164,1.0,0.32680903875473993
159,2013.0,0.0,73000.0,25848.0,10278.0,52.4,0.0,29.79,5 years,other,684.0,9250.0,C,MORTGAGE,2.0,14.47,458.0,5.0,5.0,7.0,5.0,4.0,8.0,7.0,19.0,17.0,0.0,0.0,debt_consolidation,14989.0,48.8,C2,0.0,0.0,923.0,8.484155754959401,0.0,0.1376987779741566
160,2013.0,0.0,150000.0,15391.0,14089.0,39.8,0.0,16.51,< 1 year,manager,744.0,25000.0,A,MORTGAGE,2.0,7.9,134.0,29.0,6.0,6.0,36.0,3.0,14.0,7.0,18.0,16.0,0.0,0.0,credit_card,24169.0,55.7,A4,0.0,0.0,773.0,10.962339753074728,0.0,0.055138895914993116
161,2013.0,0.0,35000.0,846.0,3094.0,41.6,0.0,18.49,2 years,other,669.0,7125.0,C,RENT,2.0,15.61,163.0,0.0,0.0,0.0,17.0,4.0,18.0,5.0,37.0,16.0,1.0,1.0,debt_consolidation,2993.0,22.7,C4,0.0,0.0,60.0,9.047111274805374,0.0,0.26751806468945805
162,2013.0,0.0,85000.0,9454.0,33346.0,53.7,0.0,20.81,4 years,other,704.0,35000.0,B,RENT,0.0,12.85,213.0,21.0,10.0,3.0,21.0,7.0,9.0,12.0,11.0,11.0,0.0,0.0,credit_card,38654.0,53.7,B4,0.0,0.0,89.0,17.23223848625491,0.0,0.1340750517404395
163,2013.0,1.0,35000.0,1656.0,1914.0,87.7,0.0,15.78,10+ years,other,664.0,11000.0,E,RENT,1.0,22.9,244.0,13.0,13.0,1.0,13.0,7.0,11.0,3.0,16.0,11.0,1.0,1.0,debt_consolidation,16556.0,82.8,E4,0.0,0.0,982.0,2.046266014581896,1.0,0.42569682516171314
164,2013.0,0.0,65000.0,2173.0,7851.0,47.7,0.0,13.22,10+ years,other,674.0,12000.0,B,RENT,1.0,13.53,248.0,8.0,8.0,0.0,25.0,5.0,9.0,2.0,19.0,11.0,2.0,2.0,debt_consolidation,8632.0,44.0,B5,0.0,0.0,953.0,3.4358589512242803,0.0,0.17935964940498347
165,2013.0,1.0,140000.0,3502.0,10678.0,67.8,0.0,6.02,5 years,other,719.0,35000.0,D,RENT,0.0,18.25,171.0,50.0,50.0,0.0,56.0,4.0,11.0,5.0,13.0,10.0,0.0,0.0,debt_consolidation,23302.0,62.1,D3,0.0,0.0,112.0,31.308408857442124,0.0,0.22449321698841104
166,2013.0,0.0,96000.0,22441.0,7562.0,78.3,1.0,13.06,7 years,other,684.0,26000.0,C,MORTGAGE,0.0,14.47,286.0,16.0,2.0,2.0,16.0,5.0,8.0,3.0,12.0,12.0,0.0,0.0,credit_card,29503.0,66.2,C2,0.0,0.0,113.0,4.367185297833024,0.0,0.14077247948959035
167,2013.0,0.0,36000.0,2302.0,2116.0,73.9,0.0,32.1,6 years,other,689.0,10000.0,B,RENT,2.0,12.85,109.0,11.0,8.0,1.0,28.0,3.0,12.0,10.0,21.0,14.0,1.0,1.0,debt_consolidation,11214.0,43.5,B4,0.0,0.0,992.0,1.942560969367826,0.0,0.1918245852227683
168,2013.0,0.0,57000.0,2413.0,1853.0,88.3,0.0,28.57,< 1 year,executive assistant,694.0,10800.0,C,RENT,1.0,14.47,422.0,5.0,4.0,3.0,14.0,3.0,10.0,7.0,22.0,13.0,0.0,0.0,debt_consolidation,19049.0,68.3,C2,0.0,0.0,800.0,8.202073622363281,0.0,0.1684957715891267
169,2013.0,1.0,93000.0,16767.0,3118.0,88.1,0.0,21.55,3 years,other,694.0,21200.0,G,MORTGAGE,0.0,25.99,124.0,1.0,1.0,3.0,1.0,6.0,9.0,7.0,21.0,18.0,0.0,0.0,debt_consolidation,28808.0,84.0,G4,0.0,0.0,801.0,1.4936163897508234,1.0,0.4846562847330109
170,2013.0,0.0,95000.0,23587.0,372.0,92.7,2.0,8.54,10+ years,manager,669.0,35000.0,D,MORTGAGE,0.0,18.25,142.0,12.0,12.0,5.0,12.0,3.0,6.0,6.0,10.0,8.0,0.0,0.0,debt_consolidation,5127.0,49.8,D3,0.0,0.0,80.0,13.760089038052552,0.0,0.2231621725626719
171,2013.0,0.0,153030.0,6991.0,4201.0,65.0,0.0,14.12,5 years,other,684.0,35000.0,C,RENT,0.0,16.24,68.0,31.0,5.0,0.0,31.0,3.0,3.0,6.0,4.0,6.0,5.0,1.0,debt_consolidation,7799.0,65.0,C5,0.0,4.0,652.0,7.799982012770933,0.0,0.2743228637563871
172,2013.0,0.0,50000.0,18843.0,2497.0,72.3,0.0,11.32,10+ years,other,669.0,16750.0,B,MORTGAGE,0.0,13.53,388.0,12.0,12.0,4.0,12.0,3.0,6.0,2.0,17.0,9.0,0.0,0.0,debt_consolidation,16589.0,53.3,B5,0.0,0.0,751.0,24.29804929448305,0.0,0.1006002643278465
173,2013.0,1.0,85000.0,5737.0,9370.0,10.8,0.0,21.83,10+ years,other,749.0,35000.0,C,RENT,0.0,15.61,120.0,16.0,1.0,0.0,24.0,4.0,4.0,25.0,8.0,10.0,0.0,0.0,debt_consolidation,5164.0,27.5,C4,0.0,0.0,921.0,6.193026732783487,1.0,0.35059711296071233
174,2013.0,1.0,139500.0,26425.0,1238.0,85.3,0.0,18.05,5 years,other,674.0,19600.0,F,MORTGAGE,0.0,25.57,101.0,0.0,0.0,5.0,12.0,4.0,5.0,6.0,11.0,15.0,2.0,2.0,debt_consolidation,10129.0,43.8,F5,0.0,0.0,166.0,2.9497004249610828,1.0,0.4541584416290922
175,2013.0,0.0,58000.0,9606.0,323.0,91.0,0.0,30.21,10+ years,other,669.0,4950.0,D,RENT,1.0,19.22,200.0,3.0,3.0,0.0,10.0,4.0,5.0,40.0,8.0,13.0,0.0,0.0,debt_consolidation,3535.0,73.6,D4,0.0,0.0,986.0,1.5987257758154003,0.0,0.29965019643531854
176,2013.0,0.0,150000.0,57541.0,7500.0,83.0,0.0,12.53,10+ years,manager,769.0,30000.0,D,MORTGAGE,1.0,18.25,201.0,5.0,5.0,4.0,62.0,1.0,4.0,6.0,10.0,6.0,0.0,0.0,small_business,108765.0,94.0,D3,1.0,0.0,760.0,11.974410325218054,0.0,0.10522556441116913
177,2013.0,1.0,35000.0,997.0,3084.0,68.5,0.0,10.93,2 years,other,674.0,12375.0,E,OWN,0.0,20.5,142.0,1.0,1.0,0.0,1.0,3.0,10.0,3.0,19.0,11.0,0.0,0.0,debt_consolidation,8479.0,42.0,E1,0.0,0.0,328.0,22.999196077324513,1.0,0.38081917784834474
178,2013.0,0.0,150000.0,7797.0,9495.0,43.1,0.0,14.26,7 years,vice president,704.0,15000.0,B,RENT,0.0,11.99,130.0,32.0,15.0,1.0,32.0,2.0,12.0,6.0,16.0,7.0,0.0,0.0,other,7205.0,39.6,B3,0.0,0.0,100.0,14.736241839065563,0.0,0.07946478256371285
179,2013.0,0.0,65000.0,3080.0,921.0,93.7,0.0,22.54,3 years,other,684.0,6000.0,D,MORTGAGE,2.0,17.57,210.0,1.0,1.0,4.0,5.0,5.0,15.0,9.0,21.0,12.0,0.0,0.0,debt_consolidation,15163.0,76.2,D2,1.0,0.0,296.0,16.224311768115612,0.0,0.19910020162224584
180,2013.0,0.0,60000.0,7518.0,1116.0,85.9,0.0,16.42,10+ years,technician,714.0,10000.0,A,RENT,0.0,6.62,117.0,22.0,4.0,0.0,25.0,3.0,9.0,13.0,10.0,10.0,0.0,0.0,credit_card,6784.0,65.2,A2,0.0,0.0,950.0,1.7221717156682017,0.0,0.06489376034388494
181,2013.0,0.0,100394.0,31249.0,3278.0,76.6,1.0,10.65,10+ years,project manager,704.0,12000.0,A,RENT,0.0,8.9,169.0,6.0,6.0,4.0,72.0,6.0,11.0,11.0,17.0,14.0,0.0,0.0,debt_consolidation,11440.0,53.7,A5,0.0,0.0,112.0,31.308408857442124,0.0,0.05766898479538314
182,2013.0,0.0,50000.0,1693.0,9049.0,33.5,0.0,9.37,3 years,other,679.0,13000.0,B,RENT,0.0,9.67,153.0,13.0,13.0,0.0,13.0,2.0,9.0,1.0,19.0,9.0,0.0,0.0,credit_card,13543.0,54.6,B1,0.0,0.0,30.0,1.422335311550094,0.0,0.09912159158787032
183,2013.0,0.0,52000.0,8034.0,10367.0,56.3,0.0,28.09,3 years,other,674.0,7200.0,B,RENT,4.0,13.53,105.0,9.0,6.0,0.0,9.0,4.0,9.0,17.0,13.0,12.0,0.0,0.0,debt_consolidation,13333.0,56.3,B5,0.0,0.0,652.0,7.799982012770933,0.0,0.22069044595617404
184,2013.0,0.0,150000.0,20725.0,14567.0,60.6,0.0,13.34,< 1 year,other,719.0,35000.0,B,MORTGAGE,2.0,11.99,257.0,2.0,2.0,2.0,14.0,3.0,11.0,16.0,19.0,14.0,0.0,0.0,debt_consolidation,31906.0,57.4,B3,0.0,0.0,850.0,6.931577935166768,0.0,0.0981521019007023
185,2013.0,1.0,43000.0,13495.0,4155.0,75.0,0.0,9.29,5 years,other,724.0,13000.0,C,MORTGAGE,0.0,14.47,373.0,5.0,5.0,1.0,5.0,5.0,9.0,4.0,14.0,10.0,0.0,0.0,credit_card,12445.0,68.8,C2,1.0,0.0,494.0,4.947559027883745,0.0,0.16615323527139803
186,2013.0,0.0,45000.0,18013.0,342.0,94.8,2.0,15.63,2 years,other,664.0,3275.0,C,MORTGAGE,0.0,15.61,162.0,37.0,19.0,1.0,37.0,4.0,6.0,7.0,7.0,9.0,0.0,0.0,debt_consolidation,8232.0,95.7,C4,0.0,0.0,191.0,41.35033473887839,0.0,0.14809988174086183
187,2013.0,0.0,76000.0,1640.0,6598.0,55.4,0.0,3.28,10+ years,other,674.0,8500.0,B,RENT,0.0,11.99,37.0,7.0,7.0,0.0,7.0,5.0,5.0,0.0,5.0,5.0,0.0,0.0,credit_card,8202.0,55.4,B3,0.0,0.0,766.0,8.64619573438209,0.0,0.11981138930288487
188,2013.0,1.0,55000.0,3660.0,4561.0,76.1,0.0,31.29,4 years,police officer,689.0,15600.0,C,RENT,0.0,16.24,119.0,3.0,3.0,0.0,9.0,7.0,14.0,19.0,23.0,22.0,0.0,0.0,credit_card,18847.0,75.4,C5,0.0,0.0,112.0,31.308408857442124,1.0,0.3563737003584845
189,2013.0,1.0,65000.0,15330.0,2661.0,87.8,0.0,17.87,10+ years,supervisor,679.0,15850.0,F,OWN,4.0,24.08,240.0,1.0,1.0,1.0,2.0,13.0,16.0,2.0,21.0,20.0,0.0,0.0,debt_consolidation,19221.0,83.9,F2,1.0,0.0,136.0,4.142292698577337,1.0,0.5398606176392305
190,2013.0,0.0,100000.0,2575.0,27260.0,11.2,0.0,22.19,5 years,other,784.0,20000.0,A,RENT,0.0,6.03,100.0,5.0,5.0,0.0,5.0,2.0,7.0,24.0,11.0,21.0,0.0,0.0,debt_consolidation,3440.0,9.5,A1,0.0,0.0,773.0,10.962339753074728,0.0,0.05858039471316663
191,2013.0,1.0,83000.0,33841.0,120.0,92.0,0.0,15.12,10+ years,other,699.0,20775.0,E,OWN,2.0,23.4,267.0,5.0,5.0,3.0,31.0,1.0,2.0,7.0,13.0,12.0,0.0,0.0,debt_consolidation,19623.0,94.3,E5,1.0,0.0,104.0,34.72171193158085,1.0,0.33156190627227317
192,2013.0,0.0,32000.0,1101.0,1711.0,71.5,0.0,7.05,10+ years,other,699.0,11875.0,C,OWN,2.0,16.24,134.0,2.0,2.0,0.0,83.0,3.0,7.0,3.0,11.0,6.0,1.0,1.0,credit_card,5507.0,47.9,C5,1.0,0.0,128.0,1.9290934991279804,0.0,0.16784643348183698
193,2013.0,1.0,105000.0,3973.0,2200.0,76.3,0.0,9.33,10+ years,other,689.0,28000.0,D,RENT,3.0,19.97,431.0,3.0,3.0,2.0,8.0,2.0,6.0,2.0,11.0,7.0,0.0,0.0,debt_consolidation,27811.0,85.0,D5,0.0,0.0,633.0,4.212447949910337,1.0,0.3380064163535647
194,2013.0,1.0,138000.0,29891.0,4767.0,80.1,1.0,9.37,10+ years,other,674.0,35000.0,D,MORTGAGE,1.0,19.22,296.0,8.0,8.0,3.0,8.0,6.0,9.0,1.0,14.0,10.0,0.0,0.0,debt_consolidation,19133.0,71.1,D4,1.0,0.0,80.0,13.760089038052552,1.0,0.31004363720878364
195,2013.0,1.0,75000.0,17642.0,10260.0,40.7,0.0,21.44,6 years,other,674.0,19800.0,D,MORTGAGE,2.0,17.57,157.0,4.0,4.0,3.0,4.0,3.0,17.0,25.0,30.0,13.0,0.0,0.0,debt_consolidation,8009.0,41.1,D2,1.0,0.0,231.0,11.779287182314905,1.0,0.32114338192785213
196,2013.0,0.0,84000.0,15850.0,23424.0,19.5,1.0,18.49,10+ years,supervisor,739.0,7700.0,A,MORTGAGE,0.0,8.9,326.0,4.0,4.0,9.0,4.0,4.0,12.0,9.0,21.0,15.0,0.0,0.0,debt_consolidation,6256.0,15.5,A5,0.0,0.0,62.0,2.229971104256331,0.0,0.051361392780849384
197,2013.0,1.0,83740.0,10059.0,4151.0,85.4,0.0,25.19,1 year,other,674.0,15000.0,D,MORTGAGE,3.0,16.99,360.0,4.0,4.0,0.0,4.0,5.0,6.0,23.0,8.0,24.0,0.0,0.0,credit_card,24443.0,70.8,D1,0.0,0.0,465.0,3.6386364196162466,1.0,0.3474841391430669
198,2013.0,1.0,75000.0,5115.0,6870.0,70.4,0.0,14.8,3 years,project manager,674.0,21600.0,D,RENT,2.0,18.25,111.0,4.0,4.0,0.0,4.0,4.0,11.0,26.0,12.0,20.0,0.0,0.0,credit_card,18228.0,67.0,D3,0.0,0.0,210.0,15.18699651043626,1.0,0.385935327931215
199,2013.0,0.0,73000.0,4744.0,3109.0,75.3,0.0,25.07,10+ years,other,684.0,4000.0,C,RENT,1.0,13.98,312.0,1.0,1.0,0.0,1.0,6.0,13.0,23.0,16.0,13.0,0.0,0.0,debt_consolidation,12010.0,70.2,C1,0.0,0.0,85.0,5.037186650558744,0.0,0.1811975365247983
200,2013.0,1.0,52400.0,8225.0,1683.0,76.0,0.0,26.23,5 years,other,669.0,16000.0,D,RENT,4.0,16.99,121.0,11.0,6.0,0.0,26.0,2.0,4.0,21.0,12.0,6.0,0.0,0.0,debt_consolidation,12977.0,54.8,D1,0.0,0.0,253.0,8.1333704105706,1.0,0.4131196646778055
201,2013.0,0.0,55000.0,17358.0,4781.0,54.0,0.0,13.45,7 years,other,674.0,8500.0,B,MORTGAGE,0.0,10.99,76.0,5.0,5.0,1.0,6.0,4.0,6.0,16.0,12.0,11.0,0.0,0.0,credit_card,8862.0,50.9,B2,0.0,0.0,658.0,3.650380265969873,0.0,0.09582866472053757
202,2013.0,1.0,72000.0,3969.0,1427.0,75.8,2.0,22.03,3 years,chief executive officer,684.0,27050.0,F,RENT,2.0,23.7,85.0,1.0,1.0,0.0,1.0,4.0,13.0,23.0,23.0,29.0,0.0,0.0,debt_consolidation,7415.0,45.0,F1,0.0,0.0,984.0,10.539724174488423,1.0,0.6713028188307034
203,2013.0,1.0,64000.0,15779.0,19234.0,38.9,0.0,21.83,10+ years,other,744.0,31825.0,D,MORTGAGE,0.0,19.97,157.0,9.0,9.0,3.0,24.0,5.0,11.0,4.0,16.0,16.0,0.0,0.0,home_improvement,18815.0,40.2,D5,0.0,0.0,136.0,4.142292698577337,1.0,0.31249595615207676
204,2013.0,0.0,100360.0,22157.0,15450.0,74.0,0.0,26.08,10+ years,other,719.0,35000.0,C,MORTGAGE,0.0,14.98,230.0,106.0,6.0,4.0,106.0,5.0,8.0,8.0,9.0,9.0,0.0,0.0,credit_card,57180.0,74.0,C3,0.0,0.0,672.0,10.106276414077332,0.0,0.12072223670040637
205,2013.0,0.0,30000.0,1432.0,219.0,81.7,0.0,15.04,4 years,owner,674.0,6000.0,C,RENT,0.0,14.47,134.0,11.0,11.0,0.0,11.0,2.0,9.0,2.0,17.0,8.0,0.0,0.0,debt_consolidation,4864.0,62.4,C2,0.0,0.0,276.0,25.869322237750843,0.0,0.24821004885804093
206,2013.0,0.0,102000.0,11370.0,4351.0,81.1,0.0,20.21,2 years,operations manager,699.0,25000.0,C,MORTGAGE,0.0,13.98,150.0,7.0,7.0,1.0,7.0,2.0,6.0,10.0,21.0,16.0,0.0,0.0,debt_consolidation,23163.0,59.4,C1,0.0,0.0,152.0,15.725629889111111,0.0,0.14276799099444978
207,2013.0,0.0,41734.0,3681.0,9358.0,50.2,2.0,34.02,3 years,other,674.0,16000.0,C,RENT,0.0,16.24,139.0,6.0,2.0,0.0,17.0,3.0,11.0,7.0,23.0,13.0,0.0,0.0,debt_consolidation,12293.0,55.1,C5,1.0,0.0,201.0,8.916836803032824,1.0,0.31471977955808256
208,2013.0,0.0,51000.0,15259.0,2478.0,77.5,0.0,10.16,10+ years,manager,679.0,20000.0,B,MORTGAGE,0.0,13.53,111.0,9.0,9.0,1.0,32.0,4.0,10.0,1.0,13.0,9.0,0.0,0.0,debt_consolidation,9709.0,59.6,B5,1.0,0.0,145.0,2.880556090949222,0.0,0.13757097400096746
209,2013.0,0.0,138000.0,13611.0,5674.0,78.7,0.0,12.04,3 years,consultant,684.0,25000.0,C,MORTGAGE,2.0,14.47,247.0,0.0,0.0,6.0,0.0,7.0,10.0,7.0,11.0,14.0,1.0,1.0,credit_card,24110.0,78.5,C2,0.0,0.0,280.0,14.43118886531353,0.0,0.14052622115380542
210,2013.0,0.0,85000.0,23681.0,1908.0,34.2,0.0,2.27,10+ years,store manager,664.0,5000.0,D,MORTGAGE,1.0,16.99,333.0,5.0,5.0,5.0,5.0,2.0,17.0,3.0,25.0,7.0,1.0,1.0,debt_consolidation,3992.0,52.5,D1,0.0,0.0,115.0,17.01186916235422,0.0,0.14378770536062035
211,2013.0,0.0,54000.0,24554.0,2261.0,88.0,1.0,25.42,< 1 year,teacher,664.0,21250.0,D,OWN,0.0,17.57,295.0,10.0,10.0,0.0,10.0,3.0,9.0,28.0,12.0,9.0,0.0,0.0,debt_consolidation,22479.0,89.9,D2,1.0,0.0,112.0,31.308408857442124,0.0,0.23794421721597842
212,2013.0,1.0,82500.0,17708.0,1452.0,27.4,0.0,19.62,< 1 year,other,669.0,16000.0,C,MORTGAGE,2.0,15.61,144.0,1.0,1.0,5.0,17.0,2.0,9.0,10.0,18.0,15.0,1.0,1.0,credit_card,7169.0,46.6,C4,0.0,0.0,553.0,4.117621567485061,0.0,0.3004122052301156
213,2013.0,1.0,135000.0,3176.0,10779.0,70.9,1.0,12.75,10+ years,other,674.0,35000.0,G,MORTGAGE,2.0,26.06,234.0,5.0,5.0,3.0,15.0,8.0,11.0,1.0,23.0,20.0,1.0,1.0,debt_consolidation,36857.0,70.1,G5,0.0,0.0,606.0,29.154068525437744,1.0,0.5347500376967305
214,2013.0,1.0,62000.0,4552.0,1627.0,91.7,1.0,31.43,2 years,other,674.0,18000.0,D,RENT,0.0,16.99,176.0,14.0,9.0,0.0,14.0,4.0,10.0,9.0,16.0,14.0,0.0,0.0,debt_consolidation,21098.0,83.4,D1,0.0,0.0,553.0,4.117621567485061,1.0,0.4000812516289394
215,2013.0,0.0,72000.0,17573.0,8844.0,70.5,0.0,27.1,4 years,other,709.0,25050.0,B,MORTGAGE,1.0,11.99,213.0,13.0,7.0,3.0,22.0,6.0,16.0,19.0,29.0,15.0,0.0,0.0,debt_consolidation,22546.0,64.4,B3,0.0,0.0,729.0,4.099684739845236,0.0,0.1076936100643389
216,2013.0,0.0,50000.0,3302.0,2807.0,81.4,0.0,9.07,10+ years,other,664.0,2800.0,F,RENT,0.0,23.7,210.0,44.0,30.0,0.0,44.0,3.0,6.0,2.0,8.0,4.0,0.0,0.0,small_business,13207.0,82.0,F1,0.0,0.0,462.0,28.222718553966395,0.0,0.24704150603535444
217,2013.0,1.0,109000.0,5555.0,2075.0,89.0,0.0,14.97,10+ years,other,729.0,25000.0,C,RENT,0.0,15.61,98.0,23.0,23.0,2.0,40.0,3.0,5.0,8.0,9.0,9.0,0.0,0.0,debt_consolidation,18568.0,75.8,C4,0.0,0.0,946.0,22.094609679259793,0.0,0.2296780376721681
218,2013.0,0.0,103000.0,21280.0,45824.0,17.6,1.0,14.19,1 year,other,754.0,8000.0,B,MORTGAGE,5.0,11.99,299.0,12.0,4.0,2.0,26.0,1.0,10.0,9.0,14.0,9.0,0.0,0.0,car,9947.0,16.4,B3,0.0,0.0,460.0,4.435352675264619,0.0,0.05834759098172098
219,2013.0,0.0,105900.0,24557.0,11911.0,74.9,0.0,16.57,7 years,manager,714.0,28000.0,A,MORTGAGE,1.0,7.62,153.0,2.0,2.0,4.0,2.0,6.0,15.0,10.0,23.0,12.0,0.0,0.0,credit_card,36283.0,60.4,A3,0.0,0.0,730.0,5.128457972360874,0.0,0.05155005057269121
220,2013.0,1.0,90000.0,6346.0,866.0,85.1,0.0,11.64,3 years,other,674.0,12375.0,D,MORTGAGE,0.0,19.22,63.0,13.0,10.0,2.0,13.0,3.0,3.0,21.0,11.0,19.0,0.0,0.0,moving,9601.0,84.2,D4,1.0,0.0,640.0,6.5736835393414985,1.0,0.31199735118010147
221,2013.0,1.0,150000.0,36571.0,46384.0,62.4,0.0,22.04,10+ years,account manager,719.0,35000.0,D,MORTGAGE,3.0,18.25,330.0,29.0,29.0,4.0,29.0,6.0,11.0,5.0,22.0,16.0,0.0,0.0,debt_consolidation,78763.0,62.6,D3,0.0,0.0,78.0,3.5200013504920857,0.0,0.1760707707962887
222,2013.0,1.0,60000.0,8191.0,5413.0,60.8,1.0,18.71,10+ years,other,669.0,15000.0,D,MORTGAGE,1.0,18.25,225.0,10.0,10.0,1.0,10.0,9.0,11.0,4.0,21.0,18.0,1.0,1.0,credit_card,12753.0,50.6,D3,0.0,0.0,310.0,35.969120909518914,1.0,0.37340670485407607
223,2013.0,1.0,110690.0,20475.0,992.0,95.8,0.0,33.41,10+ years,other,684.0,21200.0,E,MORTGAGE,0.0,22.4,352.0,10.0,7.0,1.0,10.0,10.0,12.0,8.0,22.0,22.0,0.0,0.0,debt_consolidation,25913.0,78.8,E3,0.0,0.0,945.0,7.542862052159502,1.0,0.4252406769985881
224,2013.0,0.0,65000.0,2762.0,23010.0,30.5,0.0,17.16,7 years,accountant,704.0,16000.0,A,RENT,1.0,7.9,109.0,1.0,1.0,0.0,5.0,5.0,10.0,10.0,16.0,15.0,0.0,0.0,credit_card,14863.0,37.3,A4,0.0,0.0,72.0,26.32256327409801,0.0,0.08096003145351233
225,2013.0,1.0,83000.0,30425.0,1021.0,94.5,0.0,16.51,10+ years,software engineer,679.0,18400.0,C,MORTGAGE,0.0,14.98,131.0,9.0,8.0,3.0,63.0,4.0,6.0,8.0,12.0,9.0,1.0,1.0,debt_consolidation,20586.0,63.5,C3,0.0,0.0,141.0,1.6177320779649818,0.0,0.14261626680547534
226,2013.0,0.0,62000.0,10497.0,1942.0,81.9,0.0,32.15,10+ years,other,674.0,14000.0,D,MORTGAGE,1.0,16.99,192.0,17.0,2.0,4.0,27.0,1.0,13.0,15.0,24.0,15.0,0.0,0.0,debt_consolidation,26494.0,83.6,D1,0.0,0.0,137.0,2.9510751012776564,0.0,0.19736649698255282
227,2013.0,0.0,80000.0,46418.0,2176.0,76.1,5.0,13.16,10+ years,other,669.0,9600.0,C,MORTGAGE,4.0,14.98,409.0,24.0,8.0,1.0,33.0,2.0,9.0,5.0,15.0,7.0,0.0,0.0,other,11594.0,84.6,C3,0.0,0.0,13.0,1.0790060065878706,0.0,0.14216519349170628
228,2013.0,0.0,90000.0,37234.0,203.0,91.5,0.0,9.38,6 years,other,679.0,20000.0,C,MORTGAGE,1.0,16.24,56.0,7.0,7.0,2.0,14.0,1.0,1.0,3.0,6.0,8.0,0.0,0.0,debt_consolidation,11259.0,80.4,C5,0.0,0.0,27.0,4.16229606155292,0.0,0.16000366551666056
229,2013.0,1.0,100000.0,40297.0,1409.0,62.9,0.0,21.88,10+ years,operations manager,704.0,27200.0,C,MORTGAGE,1.0,14.47,135.0,7.0,7.0,6.0,7.0,1.0,3.0,15.0,5.0,7.0,0.0,0.0,credit_card,31890.0,93.0,C2,0.0,0.0,285.0,19.536113359063744,0.0,0.17672061540021317
230,2013.0,0.0,100000.0,630.0,6556.0,34.4,0.0,2.32,3 years,other,684.0,3700.0,C,MORTGAGE,1.0,15.61,128.0,0.0,0.0,5.0,0.0,5.0,9.0,0.0,20.0,9.0,0.0,0.0,debt_consolidation,5036.0,34.0,C4,0.0,0.0,922.0,3.980499158555668,0.0,0.13841121130256961
231,2013.0,0.0,172900.0,16122.0,49465.0,47.3,1.0,16.48,10+ years,account executive,694.0,35000.0,B,MORTGAGE,2.0,10.99,353.0,16.0,4.0,6.0,33.0,7.0,19.0,8.0,30.0,20.0,0.0,0.0,credit_card,45300.0,46.0,B2,0.0,0.0,436.0,23.15651312680059,0.0,0.07940103790118608
232,2013.0,1.0,115000.0,13961.0,665.0,96.5,0.0,15.97,6 years,other,684.0,28000.0,D,MORTGAGE,0.0,18.25,168.0,9.0,9.0,2.0,9.0,9.0,9.0,9.0,15.0,18.0,0.0,0.0,debt_consolidation,32880.0,89.6,D3,0.0,0.0,882.0,2.329655293940823,1.0,0.31706277076267947
233,2013.0,0.0,47500.0,9631.0,830.0,83.4,3.0,15.66,10+ years,other,669.0,9000.0,B,MORTGAGE,1.0,11.99,389.0,5.0,5.0,5.0,31.0,4.0,9.0,23.0,21.0,11.0,0.0,0.0,debt_consolidation,5800.0,62.4,B3,0.0,0.0,130.0,2.4959904555836667,0.0,0.08895430154994884
234,2013.0,0.0,80000.0,3269.0,23692.0,43.7,0.0,12.52,1 year,engineer,684.0,22000.0,A,RENT,0.0,8.9,212.0,32.0,22.0,0.0,32.0,4.0,12.0,10.0,14.0,9.0,0.0,0.0,debt_consolidation,18408.0,41.6,A5,0.0,0.0,750.0,11.488899889419644,0.0,0.07477519929687781
235,2013.0,0.0,60000.0,8649.0,5941.0,47.4,0.0,15.46,1 year,other,674.0,10000.0,C,MORTGAGE,1.0,13.98,190.0,7.0,7.0,3.0,12.0,5.0,14.0,3.0,31.0,17.0,0.0,0.0,credit_card,12066.0,41.8,C1,0.0,0.0,196.0,8.501573424149866,0.0,0.1423281872031386
236,2013.0,0.0,86000.0,15478.0,466.0,98.2,0.0,30.38,3 years,operator,709.0,19500.0,C,MORTGAGE,1.0,14.98,161.0,12.0,10.0,5.0,12.0,6.0,6.0,13.0,10.0,13.0,0.0,0.0,debt_consolidation,32106.0,88.7,C3,0.0,0.0,298.0,30.43147531757164,0.0,0.20026331219926755
237,2013.0,1.0,82000.0,25781.0,33719.0,50.1,0.0,19.67,5 years,software engineer,749.0,30000.0,B,MORTGAGE,0.0,13.53,254.0,15.0,10.0,3.0,20.0,4.0,7.0,5.0,10.0,10.0,0.0,0.0,debt_consolidation,33881.0,43.4,B5,0.0,0.0,493.0,1.6738710304527311,0.0,0.09595602518672948
238,2013.0,0.0,94000.0,3909.0,11580.0,26.2,0.0,10.85,8 years,other,709.0,13200.0,B,RENT,2.0,10.99,59.0,17.0,2.0,0.0,27.0,4.0,4.0,6.0,9.0,11.0,0.0,0.0,debt_consolidation,8697.0,31.9,B2,0.0,0.0,310.0,35.969120909518914,0.0,0.1299644932806187
239,2013.0,0.0,43000.0,9273.0,1569.0,82.0,0.0,7.14,10+ years,other,664.0,13700.0,C,MORTGAGE,0.0,13.98,161.0,4.0,4.0,2.0,54.0,4.0,9.0,1.0,14.0,10.0,1.0,1.0,debt_consolidation,7623.0,66.9,C1,0.0,0.0,281.0,14.386383892145664,0.0,0.12976875808467142
240,2013.0,0.0,73000.0,24313.0,2401.0,58.6,1.0,21.82,2 years,other,684.0,10000.0,B,OWN,0.0,9.67,213.0,2.0,2.0,5.0,14.0,3.0,8.0,8.0,14.0,14.0,1.0,1.0,credit_card,5475.0,34.2,B1,0.0,0.0,27.0,4.16229606155292,0.0,0.09668992436654403
241,2013.0,1.0,96000.0,21790.0,14198.0,52.7,0.0,19.55,7 years,other,749.0,19000.0,B,MORTGAGE,0.0,12.85,257.0,11.0,9.0,5.0,50.0,3.0,7.0,9.0,10.0,8.0,0.0,0.0,debt_consolidation,16900.0,51.2,B4,0.0,0.0,170.0,2.857378462227837,0.0,0.10607075118780684
242,2013.0,1.0,97000.0,15697.0,4068.0,82.2,0.0,19.14,10+ years,other,724.0,12300.0,B,MORTGAGE,0.0,13.53,249.0,12.0,12.0,10.0,52.0,7.0,19.0,6.0,30.0,15.0,0.0,0.0,debt_consolidation,22050.0,57.9,B5,0.0,0.0,349.0,15.42586357401172,0.0,0.10426806895004959
243,2013.0,1.0,60000.0,5445.0,24599.0,22.4,0.0,31.33,6 years,operator,704.0,20950.0,E,RENT,0.0,21.48,229.0,2.0,2.0,1.0,6.0,2.0,6.0,14.0,17.0,18.0,0.0,0.0,debt_consolidation,17302.0,36.7,E2,1.0,0.0,89.0,17.23223848625491,1.0,0.5130783185346591
244,2013.0,0.0,145000.0,15440.0,4042.0,81.6,0.0,20.52,< 1 year,other,714.0,35000.0,C,MORTGAGE,0.0,14.98,108.0,13.0,13.0,8.0,23.0,5.0,7.0,5.0,17.0,18.0,0.0,0.0,debt_consolidation,39388.0,73.9,C3,0.0,0.0,631.0,33.119848383912334,0.0,0.13839574285401293
245,2013.0,1.0,69950.0,4064.0,17477.0,47.7,0.0,28.41,2 years,operations manager,739.0,30750.0,D,OWN,0.0,19.97,152.0,2.0,2.0,1.0,2.0,5.0,14.0,11.0,24.0,18.0,1.0,1.0,debt_consolidation,18219.0,35.4,D5,0.0,0.0,799.0,3.3637015691653347,1.0,0.3908213978138203
246,2013.0,0.0,56000.0,12248.0,446.0,95.0,0.0,24.37,7 years,executive assistant,699.0,9650.0,B,MORTGAGE,0.0,11.99,128.0,8.0,4.0,4.0,28.0,2.0,5.0,7.0,14.0,15.0,0.0,0.0,credit_card,11174.0,48.2,B3,0.0,0.0,245.0,23.30658549361883,0.0,0.09075803881964456
247,2013.0,0.0,200000.0,26320.0,5449.0,80.6,1.0,22.82,7 years,other,709.0,20000.0,B,MORTGAGE,0.0,10.99,303.0,1.0,1.0,1.0,12.0,7.0,12.0,9.0,27.0,19.0,0.0,0.0,debt_consolidation,38353.0,73.9,B2,0.0,0.0,333.0,30.375293706831755,0.0,0.08890182102238195
248,2013.0,1.0,94000.0,19703.0,3153.0,78.8,2.0,23.66,2 years,other,664.0,18000.0,E,MORTGAGE,1.0,21.48,105.0,1.0,1.0,2.0,1.0,5.0,12.0,11.0,21.0,13.0,0.0,0.0,debt_consolidation,14712.0,59.1,E2,0.0,0.0,760.0,11.974410325218054,1.0,0.42283564829559334
249,2013.0,0.0,88000.0,30333.0,350.0,95.5,0.0,18.31,10+ years,director,694.0,6000.0,C,MORTGAGE,2.0,13.98,203.0,46.0,7.0,7.0,76.0,2.0,5.0,12.0,7.0,11.0,0.0,0.0,debt_consolidation,16588.0,94.8,C1,0.0,0.0,175.0,1.8030723769311856,0.0,0.07928695570498931
250,2013.0,1.0,50000.0,11804.0,9960.0,51.4,0.0,26.39,10+ years,other,744.0,16350.0,D,MORTGAGE,1.0,18.25,167.0,3.0,3.0,3.0,3.0,2.0,12.0,21.0,29.0,14.0,0.0,0.0,debt_consolidation,11418.0,31.9,D3,0.0,0.0,325.0,14.13287500209944,0.0,0.27526631271968405
251,2013.0,1.0,65000.0,16475.0,3013.0,81.7,0.0,23.62,2 years,other,694.0,19200.0,D,MORTGAGE,2.0,16.99,174.0,8.0,5.0,3.0,10.0,5.0,12.0,7.0,23.0,16.0,0.0,0.0,debt_consolidation,17551.0,50.6,D1,0.0,0.0,761.0,16.49685138478859,1.0,0.30892271996144
252,2013.0,0.0,56400.0,1448.0,700.0,36.4,1.0,26.26,10+ years,other,684.0,6000.0,B,RENT,1.0,10.99,202.0,6.0,6.0,0.0,72.0,1.0,12.0,5.0,23.0,11.0,1.0,1.0,debt_consolidation,10993.0,63.9,B2,1.0,0.0,956.0,3.8353421510010297,0.0,0.12653683373668256
253,2013.0,0.0,52000.0,27764.0,159.0,97.9,0.0,20.12,< 1 year,attorney,709.0,7000.0,D,MORTGAGE,1.0,17.57,109.0,13.0,12.0,3.0,18.0,2.0,2.0,15.0,5.0,9.0,0.0,0.0,major_purchase,9618.0,49.8,D2,1.0,0.0,440.0,5.84499400174983,0.0,0.13237053368117666
254,2013.0,0.0,65000.0,3287.0,7254.0,52.0,0.0,28.18,10+ years,other,694.0,25475.0,C,OWN,0.0,14.98,163.0,2.0,2.0,0.0,5.0,2.0,7.0,4.0,12.0,9.0,0.0,0.0,other,11011.0,54.8,C3,0.0,0.0,27.0,4.16229606155292,0.0,0.23239595262187246
255,2013.0,0.0,145000.0,25353.0,432.0,98.0,0.0,16.09,10+ years,director,714.0,28000.0,A,MORTGAGE,0.0,8.9,227.0,39.0,17.0,3.0,47.0,3.0,9.0,16.0,12.0,9.0,0.0,0.0,credit_card,22822.0,96.3,A5,0.0,0.0,864.0,0.9559115194194012,0.0,0.04774698193442091
256,2013.0,0.0,130000.0,15691.0,2020.0,92.6,0.0,21.24,10+ years,other,699.0,10000.0,B,MORTGAGE,2.0,12.85,174.0,13.0,3.0,2.0,66.0,2.0,6.0,18.0,10.0,15.0,0.0,0.0,debt_consolidation,29409.0,90.8,B4,1.0,0.0,547.0,1.0255096927924818,0.0,0.09453363783309832
257,2013.0,1.0,41000.0,724.0,465.0,88.9,1.0,19.78,5 years,manager,669.0,12000.0,E,RENT,3.0,23.4,93.0,1.0,1.0,0.0,38.0,5.0,12.0,1.0,21.0,16.0,0.0,0.0,debt_consolidation,10038.0,66.5,E5,0.0,0.0,347.0,12.02756675180788,1.0,0.5472528086186651
258,2013.0,0.0,28000.0,2550.0,181.0,96.9,0.0,18.82,10+ years,server,664.0,8000.0,B,MORTGAGE,1.0,13.53,226.0,3.0,3.0,2.0,76.0,2.0,2.0,19.0,6.0,12.0,1.0,1.0,credit_card,7405.0,77.9,B5,0.0,0.0,481.0,9.74545556728532,0.0,0.15311137996192534
259,2013.0,0.0,40000.0,5545.0,0.0,100.0,0.0,18.48,3 years,teacher,694.0,8300.0,B,RENT,0.0,12.85,126.0,15.0,15.0,0.0,15.0,2.0,5.0,11.0,8.0,7.0,0.0,0.0,credit_card,10386.0,100.0,B4,0.0,0.0,850.0,6.931577935166768,0.0,0.12145723596901423
260,2013.0,0.0,102000.0,24690.0,2366.0,68.9,0.0,20.69,4 years,other,704.0,7000.0,B,MORTGAGE,2.0,12.85,170.0,7.0,7.0,1.0,7.0,3.0,18.0,10.0,26.0,10.0,0.0,0.0,other,5672.0,45.7,B4,0.0,0.0,301.0,21.30047113294356,0.0,0.10191514389083364
261,2013.0,0.0,79000.0,11692.0,2243.0,76.1,0.0,9.69,10+ years,other,759.0,9500.0,A,MORTGAGE,2.0,7.9,324.0,5.0,5.0,3.0,82.0,3.0,8.0,9.0,12.0,15.0,0.0,0.0,debt_consolidation,7354.0,40.4,A4,0.0,0.0,160.0,1.0078347758707136,0.0,0.036390831058352544
262,2013.0,0.0,62000.0,19640.0,10662.0,71.5,0.0,21.66,10+ years,financial analyst,689.0,25000.0,C,MORTGAGE,1.0,13.98,131.0,3.0,3.0,4.0,9.0,5.0,9.0,11.0,10.0,10.0,0.0,0.0,debt_consolidation,31238.0,74.6,C1,0.0,0.0,774.0,16.03421090494845,0.0,0.10477862743527602
263,2013.0,0.0,40263.0,4201.0,2994.0,64.4,0.0,21.67,10+ years,other,724.0,18000.0,B,RENT,0.0,13.53,168.0,36.0,14.0,0.0,60.0,2.0,8.0,14.0,16.0,7.0,0.0,0.0,other,5406.0,29.1,B5,0.0,0.0,146.0,21.99854825972102,0.0,0.13389112133685382
264,2013.0,1.0,70000.0,2743.0,3857.0,72.4,0.0,13.29,7 years,other,684.0,30000.0,D,MORTGAGE,0.0,19.22,163.0,15.0,15.0,2.0,15.0,5.0,14.0,4.0,22.0,13.0,1.0,1.0,debt_consolidation,10249.0,48.3,D4,0.0,0.0,759.0,17.4897819512363,1.0,0.33321969509202576
265,2013.0,1.0,55000.0,12414.0,8319.0,62.5,2.0,6.33,10+ years,teacher,674.0,17325.0,D,MORTGAGE,1.0,19.22,159.0,0.0,0.0,6.0,0.0,5.0,26.0,4.0,31.0,11.0,0.0,0.0,debt_consolidation,15305.0,56.3,D4,0.0,0.0,707.0,24.618816112213867,0.0,0.2647438179156054
266,2013.0,0.0,65000.0,3525.0,195.0,98.5,0.0,19.65,3 years,analyst,689.0,8200.0,B,RENT,1.0,13.53,90.0,3.0,2.0,0.0,5.0,4.0,5.0,9.0,14.0,14.0,0.0,0.0,credit_card,19284.0,85.0,B5,0.0,0.0,229.0,11.743015070559126,0.0,0.15549033362878203
267,2013.0,1.0,49000.0,5772.0,6777.0,68.3,0.0,19.5,9 years,administrative assistant,669.0,19425.0,E,RENT,1.0,20.5,176.0,3.0,3.0,0.0,17.0,4.0,6.0,17.0,28.0,19.0,0.0,0.0,debt_consolidation,17467.0,42.2,E1,1.0,0.0,104.0,34.72171193158085,1.0,0.48305445765116245
268,2013.0,0.0,95000.0,1653.0,5931.0,8.8,7.0,6.51,1 year,other,709.0,7000.0,B,RENT,2.0,11.99,121.0,4.0,4.0,0.0,4.0,2.0,12.0,7.0,17.0,9.0,0.0,0.0,credit_card,708.0,8.3,B3,0.0,0.0,926.0,1.466920413624882,0.0,0.14521286107658557
269,2013.0,1.0,83200.0,40470.0,418.0,97.7,0.0,20.22,10+ years,other,689.0,20000.0,D,MORTGAGE,0.0,19.22,183.0,37.0,6.0,8.0,37.0,1.0,3.0,10.0,7.0,8.0,0.0,0.0,other,17582.0,95.0,D4,0.0,0.0,550.0,2.7352456426503617,0.0,0.21939481192317845
270,2013.0,1.0,40000.0,3570.0,4628.0,65.2,0.0,31.8,6 years,other,684.0,15000.0,D,RENT,1.0,18.25,67.0,2.0,2.0,0.0,2.0,4.0,7.0,11.0,16.0,16.0,0.0,0.0,credit_card,11793.0,46.2,D3,0.0,0.0,21.0,16.234313454767094,1.0,0.46800944480024953
271,2013.0,1.0,42500.0,3560.0,4718.0,62.3,0.0,26.07,9 years,general manager,684.0,14400.0,C,RENT,1.0,14.98,74.0,15.0,11.0,0.0,15.0,4.0,5.0,11.0,15.0,12.0,1.0,1.0,debt_consolidation,12246.0,51.5,C3,0.0,0.0,363.0,22.45589365962363,1.0,0.4483743515859233
272,2013.0,0.0,30000.0,3148.0,9152.0,59.1,0.0,32.49,1 year,other,694.0,11325.0,B,RENT,0.0,13.53,160.0,3.0,3.0,0.0,13.0,7.0,10.0,22.0,20.0,24.0,0.0,0.0,credit_card,13660.0,50.2,B5,0.0,0.0,553.0,4.117621567485061,0.0,0.21985688178015042
273,2013.0,1.0,102000.0,11400.0,11926.0,76.6,0.0,18.48,3 years,software engineer,699.0,32400.0,D,MORTGAGE,4.0,19.22,167.0,3.0,3.0,3.0,25.0,3.0,17.0,5.0,28.0,14.0,0.0,0.0,debt_consolidation,40199.0,73.9,D4,0.0,0.0,157.0,2.021813567703231,0.0,0.23424390258046884
274,2013.0,1.0,35000.0,2703.0,73.0,97.0,0.0,16.19,6 years,maintenance,679.0,10000.0,F,RENT,0.0,24.99,121.0,10.0,10.0,0.0,10.0,3.0,3.0,2.0,5.0,7.0,0.0,0.0,debt_consolidation,2327.0,47.5,F4,0.0,0.0,372.0,25.27494643900539,1.0,0.5080247568495925
275,2013.0,0.0,151000.0,48203.0,49180.0,41.4,0.0,12.66,10+ years,vice president,719.0,21000.0,A,MORTGAGE,1.0,6.62,173.0,87.0,5.0,3.0,93.0,5.0,9.0,3.0,11.0,9.0,0.0,0.0,debt_consolidation,34720.0,41.4,A2,0.0,0.0,89.0,17.23223848625491,0.0,0.024228751159743465
276,2013.0,1.0,111000.0,17188.0,18470.0,60.0,0.0,27.82,10+ years,other,729.0,20000.0,B,MORTGAGE,0.0,11.99,274.0,5.0,5.0,5.0,5.0,5.0,11.0,9.0,14.0,14.0,0.0,0.0,debt_consolidation,27759.0,57.6,B3,0.0,0.0,530.0,1.4507720906717143,0.0,0.13589701812414445
277,2013.0,0.0,66500.0,8478.0,5540.0,48.2,1.0,3.39,< 1 year,other,694.0,20000.0,B,RENT,0.0,11.99,195.0,10.0,10.0,5.0,18.0,3.0,14.0,2.0,21.0,9.0,1.0,1.0,debt_consolidation,6093.0,45.5,B3,0.0,0.0,328.0,22.999196077324513,0.0,0.09981071488367883
278,2013.0,0.0,61000.0,22717.0,27912.0,2.7,1.0,23.53,8 years,other,699.0,9000.0,A,MORTGAGE,0.0,8.9,156.0,14.0,10.0,8.0,14.0,2.0,9.0,13.0,18.0,16.0,0.0,0.0,debt_consolidation,5325.0,12.2,A5,0.0,0.0,786.0,6.6700684403071735,0.0,0.06391715943378644
279,2013.0,1.0,70000.0,16596.0,11272.0,56.0,0.0,14.32,5 years,operations manager,769.0,26250.0,B,MORTGAGE,0.0,12.85,148.0,21.0,9.0,4.0,21.0,3.0,5.0,11.0,5.0,9.0,0.0,0.0,debt_consolidation,14328.0,56.0,B4,0.0,0.0,770.0,22.186054016645045,0.0,0.11832786901767119
280,2013.0,1.0,45000.0,7049.0,3257.0,90.4,0.0,31.47,3 years,other,694.0,18225.0,E,RENT,0.0,22.4,210.0,17.0,1.0,0.0,17.0,4.0,9.0,8.0,12.0,8.0,0.0,0.0,debt_consolidation,31074.0,90.3,E3,0.0,0.0,208.0,13.503419701663356,1.0,0.4512867545185385
281,2013.0,0.0,26000.0,3060.0,36.0,98.6,0.0,31.12,10+ years,other,674.0,9000.0,C,RENT,0.0,15.61,169.0,53.0,22.0,0.0,65.0,1.0,2.0,2.0,8.0,5.0,1.0,1.0,credit_card,6137.0,90.2,C4,1.0,0.0,14.0,3.708062501131611,0.0,0.21084496100073327
282,2013.0,0.0,75000.0,92898.0,532.0,82.8,0.0,17.57,10+ years,other,719.0,8400.0,B,MORTGAGE,0.0,10.99,192.0,18.0,16.0,3.0,68.0,1.0,2.0,8.0,4.0,5.0,0.0,0.0,home_improvement,4385.0,86.0,B2,0.0,0.0,112.0,31.308408857442124,0.0,0.046750748535587514
283,2013.0,1.0,125000.0,24208.0,44166.0,69.7,0.0,14.07,1 year,other,754.0,30000.0,B,MORTGAGE,0.0,12.85,211.0,15.0,15.0,5.0,63.0,4.0,11.0,8.0,15.0,10.0,0.0,0.0,debt_consolidation,38334.0,44.5,B4,0.0,0.0,140.0,3.098750554388291,0.0,0.08836925385731591
284,2013.0,0.0,47000.0,1137.0,6416.0,47.0,0.0,1.79,7 years,customer service,674.0,10000.0,C,OWN,1.0,14.47,147.0,3.0,3.0,1.0,3.0,3.0,14.0,8.0,19.0,6.0,1.0,1.0,home_improvement,5684.0,44.1,C2,0.0,0.0,774.0,16.03421090494845,0.0,0.17143210086660313
285,2013.0,1.0,45000.0,2946.0,5368.0,74.8,0.0,28.67,< 1 year,analyst,684.0,19425.0,D,MORTGAGE,3.0,17.57,181.0,2.0,2.0,1.0,2.0,5.0,13.0,4.0,23.0,9.0,0.0,0.0,credit_card,15932.0,74.4,D2,0.0,0.0,339.0,8.144862347995117,1.0,0.36177166559376867
286,2013.0,1.0,62000.0,21033.0,6746.0,56.5,4.0,12.83,10+ years,teacher,664.0,14400.0,F,MORTGAGE,2.0,24.5,297.0,0.0,0.0,4.0,0.0,2.0,6.0,5.0,14.0,11.0,0.0,0.0,credit_card,24591.0,67.0,F3,0.0,0.0,430.0,6.385902809696621,1.0,0.3858207134108188
287,2013.0,0.0,73000.0,9807.0,81124.0,28.1,1.0,22.51,2 years,electrician,739.0,26000.0,A,MORTGAGE,0.0,8.9,390.0,17.0,17.0,2.0,84.0,10.0,20.0,9.0,28.0,19.0,0.0,0.0,debt_consolidation,32458.0,27.1,A5,0.0,0.0,467.0,0.6029496127736877,0.0,0.050721764131585356
288,2013.0,0.0,32000.0,699.0,5909.0,31.2,0.0,11.03,6 years,other,699.0,7125.0,E,RENT,1.0,22.9,144.0,0.0,0.0,2.0,0.0,5.0,7.0,6.0,11.0,10.0,1.0,1.0,other,4578.0,37.2,E4,0.0,0.0,330.0,22.715574773488903,0.0,0.29293924060095083
289,2013.0,0.0,150000.0,13584.0,2561.0,82.3,0.0,6.25,5 years,other,689.0,20000.0,B,MORTGAGE,0.0,13.53,241.0,1.0,1.0,3.0,3.0,8.0,12.0,4.0,22.0,20.0,1.0,1.0,credit_card,15257.0,69.0,B5,0.0,0.0,553.0,4.117621567485061,0.0,0.12079160837345321
290,2013.0,0.0,37000.0,18978.0,616.0,82.4,0.0,15.86,10+ years,other,664.0,14125.0,C,MORTGAGE,0.0,14.98,181.0,11.0,11.0,1.0,11.0,4.0,7.0,5.0,8.0,7.0,0.0,0.0,debt_consolidation,4802.0,77.5,C3,0.0,0.0,51.0,1.4087953576172831,0.0,0.16405952097297274
291,2013.0,1.0,122500.0,32938.0,93.0,98.9,1.0,14.02,< 1 year,vice president,669.0,15000.0,D,MORTGAGE,1.0,16.99,200.0,14.0,10.0,4.0,14.0,4.0,7.0,19.0,15.0,14.0,0.0,0.0,credit_card,10451.0,67.9,D1,0.0,0.0,70.0,14.299500766990915,0.0,0.2121733186122152
292,2013.0,0.0,72000.0,25164.0,2126.0,75.0,0.0,20.6,7 years,manager,669.0,15000.0,B,MORTGAGE,0.0,12.85,196.0,25.0,8.0,2.0,25.0,2.0,18.0,28.0,24.0,8.0,1.0,1.0,debt_consolidation,6374.0,75.0,B4,0.0,0.0,410.0,3.379456436709498,0.0,0.11512815980406452
293,2013.0,0.0,105400.0,13921.0,6767.0,74.6,0.0,20.56,7 years,operator,674.0,25200.0,C,MORTGAGE,2.0,13.98,196.0,3.0,3.0,5.0,3.0,5.0,20.0,12.0,34.0,17.0,0.0,0.0,debt_consolidation,26836.0,57.6,C1,0.0,0.0,927.0,1.1720297930499055,0.0,0.187059767390816
294,2013.0,0.0,88600.0,7722.0,41.0,99.3,0.0,23.57,3 years,project manager,699.0,15000.0,B,RENT,0.0,10.99,153.0,29.0,12.0,0.0,29.0,2.0,5.0,18.0,7.0,10.0,0.0,0.0,debt_consolidation,10859.0,97.0,B2,0.0,0.0,968.0,2.3177250578356916,0.0,0.10528519721629861
295,2013.0,0.0,250000.0,73594.0,12400.0,83.0,0.0,10.99,3 years,other,704.0,30000.0,C,MORTGAGE,1.0,14.47,152.0,18.0,14.0,1.0,18.0,3.0,3.0,5.0,4.0,6.0,0.0,0.0,debt_consolidation,30834.0,83.0,C2,0.0,0.0,115.0,17.01186916235422,0.0,0.10330946746420348
296,2013.0,1.0,95000.0,22972.0,3384.0,59.2,1.0,11.65,8 years,other,679.0,15000.0,C,MORTGAGE,1.0,14.47,236.0,0.0,0.0,3.0,92.0,3.0,11.0,8.0,18.0,14.0,0.0,0.0,debt_consolidation,11642.0,41.3,C2,0.0,0.0,880.0,1.6790146523041989,0.0,0.1869441084601123
297,2013.0,0.0,50131.0,26580.0,4051.0,68.4,0.0,22.43,10+ years,other,719.0,9600.0,A,MORTGAGE,0.0,8.9,143.0,1.0,1.0,2.0,49.0,1.0,6.0,7.0,15.0,9.0,0.0,0.0,credit_card,20445.0,66.2,A5,0.0,0.0,294.0,26.37126087561814,0.0,0.05964493873747287
298,2013.0,0.0,110000.0,32977.0,4732.0,85.3,0.0,8.88,7 years,nurse,704.0,30000.0,B,MORTGAGE,0.0,9.67,111.0,9.0,9.0,8.0,21.0,4.0,7.0,4.0,18.0,10.0,0.0,0.0,credit_card,28585.0,76.3,B1,0.0,0.0,662.0,4.5470746216209434,0.0,0.05757458427172477
299,2013.0,1.0,130000.0,35021.0,28148.0,66.9,0.0,15.75,10+ years,other,704.0,35000.0,E,MORTGAGE,0.0,21.48,233.0,2.0,2.0,4.0,2.0,6.0,11.0,0.0,20.0,11.0,0.0,0.0,debt_consolidation,87758.0,68.4,E2,1.0,0.0,957.0,5.65800398882247,0.0,0.26273268416921103
300,2013.0,1.0,109707.0,6261.0,1380.0,92.3,0.0,21.1,10+ years,other,699.0,30800.0,D,RENT,0.0,16.99,291.0,20.0,16.0,5.0,20.0,3.0,13.0,23.0,18.0,10.0,0.0,0.0,debt_consolidation,16520.0,70.9,D1,0.0,0.0,631.0,33.119848383912334,0.0,0.2650556163028878
301,2013.0,0.0,47000.0,1074.0,13120.0,36.0,2.0,11.28,3 years,other,699.0,8400.0,D,RENT,4.0,16.99,93.0,3.0,3.0,0.0,3.0,9.0,13.0,2.0,27.0,15.0,0.0,0.0,debt_consolidation,7845.0,25.8,D1,0.0,0.0,100.0,14.736241839065563,0.0,0.2903233283148074
302,2013.0,1.0,100000.0,1907.0,12076.0,69.7,0.0,11.5,7 years,other,689.0,28000.0,C,RENT,0.0,16.24,301.0,10.0,10.0,0.0,10.0,12.0,23.0,1.0,35.0,18.0,0.0,0.0,credit_card,34328.0,69.3,C5,0.0,0.0,900.0,12.417924197666853,0.0,0.30026231491747574
303,2013.0,1.0,89000.0,10044.0,2889.0,76.3,1.0,19.78,10+ years,other,684.0,24000.0,D,MORTGAGE,2.0,19.22,218.0,2.0,2.0,4.0,6.0,3.0,12.0,12.0,26.0,14.0,0.0,0.0,debt_consolidation,16599.0,55.3,D4,0.0,0.0,785.0,0.5385431214318688,1.0,0.3408320297213771
304,2013.0,0.0,60000.0,4125.0,2400.0,90.2,0.0,19.81,10+ years,other,669.0,20000.0,E,RENT,0.0,22.4,100.0,11.0,7.0,0.0,26.0,3.0,3.0,3.0,7.0,8.0,0.0,0.0,small_business,22957.0,78.1,E3,0.0,0.0,916.0,5.035835966195426,1.0,0.37496519876786455
305,2013.0,0.0,185000.0,119676.0,7922.0,34.0,0.0,9.82,2 years,other,729.0,11000.0,A,MORTGAGE,2.0,7.62,141.0,18.0,18.0,1.0,18.0,1.0,2.0,22.0,6.0,7.0,0.0,0.0,debt_consolidation,53273.0,34.0,A3,0.0,0.0,300.0,33.058289940565054,0.0,0.022990554347623215
306,2013.0,1.0,75000.0,25886.0,3027.0,71.7,0.0,7.63,10+ years,other,679.0,28625.0,D,MORTGAGE,2.0,19.97,166.0,12.0,12.0,2.0,12.0,4.0,9.0,5.0,11.0,10.0,1.0,1.0,debt_consolidation,7673.0,52.2,D5,0.0,0.0,956.0,3.8353421510010297,1.0,0.3365293082503013
307,2013.0,0.0,40000.0,10730.0,55.0,99.0,0.0,21.96,10+ years,other,684.0,7200.0,C,MORTGAGE,0.0,16.24,216.0,18.0,2.0,2.0,60.0,4.0,6.0,35.0,13.0,10.0,0.0,0.0,debt_consolidation,11606.0,84.7,C5,0.0,0.0,786.0,6.6700684403071735,0.0,0.14698615842260063
308,2013.0,0.0,70000.0,6586.0,1228.0,91.4,0.0,23.45,< 1 year,other,694.0,20000.0,C,RENT,0.0,13.98,114.0,22.0,16.0,0.0,41.0,4.0,7.0,9.0,14.0,13.0,0.0,0.0,debt_consolidation,12972.0,87.6,C1,0.0,0.0,600.0,4.310767060621348,0.0,0.18477461636749767
309,2013.0,0.0,90000.0,2441.0,8855.0,62.3,0.0,2.19,2 years,other,684.0,15000.0,D,OWN,1.0,19.22,77.0,2.0,2.0,0.0,2.0,3.0,6.0,1.0,8.0,6.0,0.0,0.0,other,14645.0,60.8,D4,0.0,0.0,906.0,2.3599911525931914,0.0,0.2112395492647353
310,2013.0,0.0,160000.0,17382.0,369.0,90.8,0.0,10.94,2 years,other,699.0,5500.0,C,MORTGAGE,1.0,15.61,213.0,1.0,1.0,1.0,3.0,3.0,3.0,13.0,7.0,12.0,0.0,0.0,debt_consolidation,3908.0,71.1,C4,0.0,0.0,336.0,19.32284084628639,0.0,0.13971093954513983
311,2013.0,0.0,87500.0,17893.0,1865.0,90.3,0.0,20.97,10+ years,other,689.0,10000.0,E,MORTGAGE,0.0,23.4,88.0,2.0,2.0,2.0,2.0,9.0,12.0,3.0,20.0,18.0,0.0,0.0,debt_consolidation,33768.0,81.6,E5,1.0,0.0,206.0,32.402810536212044,0.0,0.27463987307922577
312,2013.0,0.0,381500.0,161880.0,5000.0,85.0,0.0,8.62,4 years,other,699.0,30075.0,C,MORTGAGE,1.0,14.98,120.0,77.0,11.0,2.0,86.0,1.0,7.0,9.0,8.0,5.0,0.0,0.0,debt_consolidation,4242.0,85.0,C3,0.0,0.0,402.0,22.053460468937207,0.0,0.06675146276544826
313,2013.0,1.0,41700.0,20049.0,50105.0,11.8,0.0,26.88,1 year,other,754.0,14000.0,B,MORTGAGE,0.0,10.99,390.0,13.0,6.0,2.0,13.0,3.0,16.0,20.0,23.0,20.0,0.0,0.0,credit_card,8896.0,14.1,B2,0.0,0.0,402.0,22.053460468937207,0.0,0.10728064597433183
314,2013.0,0.0,65000.0,6590.0,2260.0,81.2,0.0,11.34,1 year,supervisor,674.0,7500.0,C,RENT,4.0,13.98,220.0,4.0,3.0,0.0,11.0,2.0,12.0,9.0,23.0,12.0,0.0,0.0,credit_card,12316.0,61.9,C1,0.0,0.0,103.0,10.223593133668071,0.0,0.18927705681391713
315,2013.0,0.0,30000.0,9573.0,136.0,95.5,0.0,23.96,4 years,other,694.0,5600.0,B,RENT,1.0,13.53,115.0,17.0,6.0,0.0,17.0,1.0,3.0,4.0,11.0,5.0,0.0,0.0,credit_card,12501.0,91.2,B5,0.0,0.0,956.0,3.8353421510010297,0.0,0.15229347009437139
316,2013.0,0.0,66000.0,7126.0,691.0,94.0,0.0,28.76,10+ years,other,684.0,25975.0,E,MORTGAGE,2.0,22.9,205.0,3.0,3.0,0.0,3.0,3.0,7.0,12.0,10.0,8.0,0.0,0.0,home_improvement,14710.0,68.4,E4,0.0,0.0,945.0,7.542862052159502,1.0,0.3500720184436311
317,2013.0,1.0,36000.0,4225.0,15331.0,23.0,1.0,14.6,< 1 year,office manager,684.0,12000.0,D,RENT,1.0,18.25,131.0,15.0,6.0,0.0,15.0,2.0,13.0,16.0,17.0,13.0,0.0,0.0,debt_consolidation,4569.0,16.3,D3,0.0,0.0,931.0,1.8765864243019732,1.0,0.36757677833584507
318,2013.0,1.0,80000.0,27706.0,3898.0,70.5,0.0,14.62,4 years,attorney,699.0,16000.0,C,MORTGAGE,3.0,15.61,177.0,17.0,10.0,2.0,17.0,2.0,7.0,29.0,10.0,15.0,0.0,0.0,debt_consolidation,10109.0,67.8,C4,0.0,0.0,300.0,33.058289940565054,0.0,0.17609376832885285
319,2013.0,1.0,42000.0,788.0,17490.0,32.7,0.0,9.94,10+ years,other,664.0,16000.0,D,OWN,2.0,18.25,266.0,3.0,3.0,0.0,7.0,6.0,16.0,7.0,22.0,11.0,1.0,1.0,credit_card,8672.0,23.1,D3,1.0,0.0,591.0,0.9620473411389424,1.0,0.36428933475787423
320,2013.0,0.0,135000.0,105702.0,45310.0,61.0,0.0,17.79,2 years,manager,709.0,12250.0,B,MORTGAGE,0.0,9.67,188.0,21.0,21.0,2.0,30.0,6.0,16.0,7.0,19.0,12.0,0.0,0.0,debt_consolidation,76126.0,60.4,B1,0.0,0.0,945.0,7.542862052159502,0.0,0.03810129849653347
321,2013.0,0.0,45500.0,1947.0,5235.0,54.9,0.0,14.96,5 years,other,674.0,12000.0,A,RENT,0.0,7.9,211.0,18.0,18.0,2.0,18.0,2.0,10.0,2.0,17.0,7.0,1.0,1.0,credit_card,7725.0,34.2,A4,0.0,0.0,917.0,4.0268227925658655,0.0,0.07729850181834119
322,2013.0,0.0,110700.0,26670.0,4986.0,83.1,0.0,28.15,10+ years,other,719.0,30000.0,B,MORTGAGE,0.0,9.67,234.0,4.0,4.0,6.0,46.0,4.0,8.0,4.0,12.0,9.0,0.0,0.0,debt_consolidation,32842.0,79.7,B1,0.0,0.0,290.0,26.69085315972459,0.0,0.0726773812124421
323,2013.0,0.0,135000.0,38429.0,2773.0,86.7,0.0,17.65,10+ years,other,689.0,18000.0,B,MORTGAGE,3.0,12.85,126.0,3.0,3.0,3.0,3.0,5.0,7.0,15.0,9.0,11.0,1.0,1.0,credit_card,18541.0,60.0,B4,0.0,0.0,925.0,7.401448999841142,0.0,0.12628827053159394
324,2013.0,1.0,100000.0,64851.0,5282.0,65.5,0.0,6.38,10+ years,other,684.0,14000.0,C,MORTGAGE,0.0,14.47,85.0,6.0,6.0,4.0,14.0,3.0,6.0,1.0,10.0,9.0,0.0,0.0,debt_consolidation,16028.0,72.2,C2,1.0,0.0,117.0,6.669587961854511,0.0,0.15873900959838066
325,2013.0,0.0,95000.0,13041.0,105.0,98.9,1.0,28.99,10+ years,other,674.0,22000.0,E,RENT,1.0,20.5,171.0,6.0,3.0,0.0,6.0,2.0,5.0,20.0,6.0,10.0,0.0,0.0,debt_consolidation,9895.0,70.7,E1,0.0,0.0,301.0,21.30047113294356,1.0,0.359026329289073
326,2013.0,1.0,48000.0,4013.0,1581.0,65.6,0.0,18.6,10+ years,clerk,679.0,12000.0,C,RENT,0.0,14.47,162.0,8.0,8.0,0.0,20.0,1.0,6.0,16.0,8.0,15.0,1.0,1.0,credit_card,3576.0,65.0,C2,1.0,0.0,960.0,1.0135528976021797,1.0,0.3192764146266541
327,2013.0,0.0,48000.0,1958.0,1847.0,63.8,0.0,20.25,10+ years,other,679.0,8000.0,D,OWN,1.0,18.25,320.0,3.0,3.0,0.0,27.0,4.0,8.0,3.0,18.0,15.0,0.0,0.0,debt_consolidation,10686.0,67.2,D3,1.0,0.0,352.0,42.59743853506825,0.0,0.23499569825546815
328,2013.0,1.0,40000.0,5062.0,647.0,87.8,0.0,34.62,10+ years,teacher,679.0,10000.0,D,RENT,1.0,19.97,150.0,6.0,6.0,0.0,6.0,2.0,6.0,20.0,12.0,10.0,0.0,0.0,other,11021.0,64.8,D5,1.0,0.0,331.0,16.95099138442644,1.0,0.4365584024024882